-- phpMyAdmin SQL Dump
-- version 5.2.0
-- https://www.phpmyadmin.net/
--
-- Host: 127.0.0.1
-- Waktu pembuatan: 08 Bulan Mei 2023 pada 05.13
-- Versi server: 10.4.27-MariaDB
-- Versi PHP: 8.0.25

SET SQL_MODE = "NO_AUTO_VALUE_ON_ZERO";
START TRANSACTION;
SET time_zone = "+00:00";


/*!40101 SET @OLD_CHARACTER_SET_CLIENT=@@CHARACTER_SET_CLIENT */;
/*!40101 SET @OLD_CHARACTER_SET_RESULTS=@@CHARACTER_SET_RESULTS */;
/*!40101 SET @OLD_COLLATION_CONNECTION=@@COLLATION_CONNECTION */;
/*!40101 SET NAMES utf8mb4 */;

--
-- Database: `kalbeqcp`
--

-- --------------------------------------------------------

--
-- Struktur dari tabel `auth_activation_attempts`
--

CREATE TABLE `auth_activation_attempts` (
  `id` int(11) UNSIGNED NOT NULL,
  `ip_address` varchar(255) NOT NULL,
  `user_agent` varchar(255) NOT NULL,
  `token` varchar(255) DEFAULT NULL,
  `created_at` datetime NOT NULL
) ENGINE=InnoDB DEFAULT CHARSET=utf8 COLLATE=utf8_general_ci;

-- --------------------------------------------------------

--
-- Struktur dari tabel `auth_groups`
--

CREATE TABLE `auth_groups` (
  `id` int(11) UNSIGNED NOT NULL,
  `name` varchar(255) NOT NULL,
  `description` varchar(255) NOT NULL
) ENGINE=InnoDB DEFAULT CHARSET=utf8 COLLATE=utf8_general_ci;

--
-- Dumping data untuk tabel `auth_groups`
--

INSERT INTO `auth_groups` (`id`, `name`, `description`) VALUES
(1, 'admin', 'Site Administrator'),
(2, 'user', 'Regular User'),
(3, 'supervisor', 'Atasan User'),
(4, 'engineer', 'Engineer Machine'),
(5, 'senior', 'Senior Supervisor');

-- --------------------------------------------------------

--
-- Struktur dari tabel `auth_groups_permissions`
--

CREATE TABLE `auth_groups_permissions` (
  `group_id` int(11) UNSIGNED NOT NULL DEFAULT 0,
  `permission_id` int(11) UNSIGNED NOT NULL DEFAULT 0
) ENGINE=InnoDB DEFAULT CHARSET=utf8 COLLATE=utf8_general_ci;

--
-- Dumping data untuk tabel `auth_groups_permissions`
--

INSERT INTO `auth_groups_permissions` (`group_id`, `permission_id`) VALUES
(1, 1),
(1, 2),
(1, 3),
(2, 2),
(3, 3),
(4, 3);

-- --------------------------------------------------------

--
-- Struktur dari tabel `auth_groups_users`
--

CREATE TABLE `auth_groups_users` (
  `group_id` int(11) UNSIGNED NOT NULL DEFAULT 0,
  `user_id` int(11) UNSIGNED NOT NULL DEFAULT 0
) ENGINE=InnoDB DEFAULT CHARSET=utf8 COLLATE=utf8_general_ci;

--
-- Dumping data untuk tabel `auth_groups_users`
--

INSERT INTO `auth_groups_users` (`group_id`, `user_id`) VALUES
(2, 1),
(2, 2),
(2, 3),
(2, 4),
(2, 5),
(2, 6),
(2, 7),
(2, 8),
(2, 9),
(2, 10),
(2, 11),
(2, 12),
(2, 13),
(2, 14),
(2, 15),
(2, 16),
(2, 17),
(2, 18),
(2, 19),
(2, 20),
(2, 21),
(2, 22),
(2, 23),
(2, 24),
(2, 25),
(2, 26),
(2, 27),
(2, 28),
(2, 29),
(2, 30),
(2, 31),
(2, 32),
(2, 33),
(2, 34),
(2, 35),
(2, 36),
(2, 37),
(2, 38),
(2, 39),
(2, 40),
(2, 41),
(2, 42),
(2, 43),
(2, 44),
(2, 45),
(2, 46),
(2, 47),
(2, 48),
(2, 49),
(2, 50),
(2, 51),
(2, 52),
(2, 53),
(2, 54),
(2, 55),
(2, 56),
(2, 57),
(2, 58),
(2, 59),
(2, 60),
(2, 61),
(2, 62),
(2, 63),
(2, 64),
(2, 65),
(2, 2020),
(3, 66),
(3, 67),
(3, 68),
(3, 69),
(3, 70),
(3, 2021),
(5, 2022);

-- --------------------------------------------------------

--
-- Struktur dari tabel `auth_logins`
--

CREATE TABLE `auth_logins` (
  `id` int(11) UNSIGNED NOT NULL,
  `ip_address` varchar(255) DEFAULT NULL,
  `email` varchar(255) DEFAULT NULL,
  `user_id` int(11) UNSIGNED DEFAULT NULL,
  `date` datetime NOT NULL,
  `success` tinyint(1) NOT NULL
) ENGINE=InnoDB DEFAULT CHARSET=utf8 COLLATE=utf8_general_ci;

--
-- Dumping data untuk tabel `auth_logins`
--

INSERT INTO `auth_logins` (`id`, `ip_address`, `email`, `user_id`, `date`, `success`) VALUES
(1, '::1', 'izam', NULL, '2023-02-01 07:43:37', 0),
(2, '::1', 'izam', NULL, '2023-02-01 07:44:01', 0),
(3, '::1', 'ridho@gmail.com', 3, '2023-02-01 07:45:10', 1),
(4, '::1', 'izam', NULL, '2023-02-01 07:54:39', 0),
(5, '::1', 'izam', NULL, '2023-02-01 07:54:50', 0),
(6, '::1', 'izam', NULL, '2023-02-01 07:55:02', 0),
(7, '::1', 'izam', NULL, '2023-02-01 08:02:19', 0),
(8, '::1', 'ridho@gmail.com', 3, '2023-02-01 08:02:28', 1),
(9, '::1', 'izamsusilo@gmail.com', 14, '2023-02-01 08:26:03', 1),
(10, '::1', 'asmiamien@gmail.com', 15, '2023-02-01 08:30:23', 1),
(11, '::1', 'izamsusilo@gmail.com', 14, '2023-02-01 08:31:25', 1),
(12, '::1', 'dhiva@gmail.com', 24, '2023-02-01 08:43:43', 1),
(13, '::1', 'izamsusilo@gmail.com', 14, '2023-02-01 08:53:11', 1),
(14, '::1', 'izamsusilo@gmail.com', 14, '2023-02-01 08:55:37', 1),
(15, '::1', 'izamsusilo@gmail.com', 14, '2023-02-01 09:09:11', 1),
(16, '::1', 'izamsusilo@gmail.com', 14, '2023-02-01 09:09:47', 1),
(17, '::1', 'izamsusilo@gmail.com', 14, '2023-02-01 09:10:07', 1),
(18, '::1', 'izamsusilo@gmail.com', 14, '2023-02-01 09:26:09', 1),
(19, '::1', 'izamsusilo@gmail.com', 14, '2023-02-01 09:26:16', 1),
(20, '::1', 'sesa@gmail.com', 27, '2023-02-01 09:29:14', 1),
(21, '::1', 'izamsusilo@gmail.com', 14, '2023-02-01 09:29:41', 1),
(22, '::1', 'izamsusilo@gmail.com', 14, '2023-02-01 09:57:12', 1),
(23, '::1', 'dhiva@gmail.com', 24, '2023-02-01 10:29:35', 1),
(24, '::1', 'izamsusilo@gmail.com', 14, '2023-02-01 10:29:43', 1),
(25, '::1', 'izamsusilo@gmail.com', 14, '2023-02-01 13:11:25', 1),
(26, '::1', 'sesa@gmail.com', 27, '2023-02-01 13:29:15', 1),
(27, '::1', 'izamsusilo@gmail.com', 14, '2023-02-01 13:30:05', 1),
(28, '::1', 'izamsusilo@gmail.com', 14, '2023-02-01 16:12:38', 1),
(29, '::1', 'izamsusilo@gmail.com', 14, '2023-02-01 16:48:04', 1),
(30, '::1', 'izamsusilo@gmail.com', 14, '2023-02-01 17:37:50', 1),
(31, '::1', 'dhiva@gmail.com', 24, '2023-02-01 17:38:06', 1),
(32, '::1', 'izamsusilo@gmail.com', 14, '2023-02-01 17:43:18', 1),
(33, '::1', 'izamsusilo@gmail.com', 14, '2023-02-02 05:44:56', 1),
(34, '::1', 'izamsusilo@gmail.com', 14, '2023-02-03 08:07:59', 1),
(35, '::1', 'izamsusilo@gmail.com', 14, '2023-02-03 15:31:27', 1),
(36, '::1', 'izamsusilo@gmail.com', 14, '2023-02-04 05:31:48', 1),
(37, '::1', 'dhiva@gmail.com', 24, '2023-02-04 08:05:32', 1),
(38, '::1', 'izamsusilo@gmail.com', 14, '2023-02-04 12:45:58', 1),
(39, '::1', 'izamsusilo@gmail.com', 14, '2023-02-05 03:34:29', 1),
(40, '::1', 'dhiva@gmail.com', 24, '2023-02-05 03:35:08', 1),
(41, '::1', 'izamsusilo@gmail.com', 14, '2023-02-05 03:44:53', 1),
(42, '::1', 'izamsusilo@gmail.com', 14, '2023-02-05 08:01:49', 1),
(43, '::1', 'izamsusilo@gmail.com', 14, '2023-02-05 12:11:40', 1),
(44, '::1', 'izamsusilo@gmail.com', 14, '2023-02-06 01:14:39', 1),
(45, '::1', 'izamsusilo@gmail.com', 14, '2023-02-06 01:15:09', 1),
(46, '::1', 'izamsusilo@gmail.com', 14, '2023-02-06 01:16:45', 1),
(47, '::1', 'izamsusilo@gmail.com', 14, '2023-02-06 01:20:30', 1),
(48, '::1', 'dhiva@gmail.com', 24, '2023-02-06 01:43:49', 1),
(49, '::1', 'izamsusilo@gmail.com', 14, '2023-02-06 01:47:43', 1),
(50, '::1', 'izamsusilo@gmail.com', 14, '2023-02-06 01:51:54', 1),
(51, '::1', 'izamsusilo@gmail.com', 14, '2023-02-06 07:07:40', 1),
(52, '::1', 'izamsusilo@gmail.com', 14, '2023-02-06 07:38:33', 1),
(53, '::1', 'izamsusilo@gmail.com', 14, '2023-02-06 08:50:21', 1),
(54, '::1', 'izamsusilo@gmail.com', 14, '2023-02-06 08:50:35', 1),
(55, '::1', 'izamsusilo@gmail.com', 14, '2023-02-07 05:36:49', 1),
(56, '::1', 'izamsusilo@gmail.com', 14, '2023-02-07 06:20:30', 1),
(57, '::1', 'izamsusilo@gmail.com', 14, '2023-02-07 08:21:39', 1),
(58, '::1', 'izamsusilo@gmail.com', 14, '2023-02-07 08:22:20', 1),
(59, '::1', 'izamsusilo@gmail.com', 14, '2023-02-07 08:25:03', 1),
(60, '::1', 'dhiva@gmail.com', 24, '2023-02-07 08:25:39', 1),
(61, '::1', 'izamsusilo@gmail.com', 14, '2023-02-07 08:47:56', 1),
(62, '::1', 'dhiva@gmail.com', 24, '2023-02-07 08:48:08', 1),
(63, '::1', 'izamsusilo@gmail.com', 14, '2023-02-07 08:52:40', 1),
(64, '::1', 'izamsusilo@gmail.com', 14, '2023-02-07 09:08:42', 1),
(65, '::1', 'izamsusilo@gmail.com', 14, '2023-02-07 12:11:35', 1),
(66, '::1', 'izamsusilo@gmail.com', 14, '2023-02-07 13:55:51', 1),
(67, '::1', 'ridho@gmail.com', 26, '2023-02-07 14:07:31', 1),
(68, '::1', 'izamsusilo@gmail.com', 14, '2023-02-07 14:12:51', 1),
(69, '::1', 'dhiva@gmail.com', 24, '2023-02-07 14:12:58', 1),
(70, '::1', 'izamsusilo@gmail.com', 14, '2023-02-07 14:13:31', 1),
(71, '::1', 'izamsusilo@gmail.com', 14, '2023-02-07 15:05:56', 1),
(72, '::1', '7654', NULL, '2023-02-07 17:07:31', 0),
(73, '::1', '7654', NULL, '2023-02-07 17:07:43', 0),
(74, '::1', '7654', NULL, '2023-02-07 17:09:37', 0),
(75, '::1', '7654', NULL, '2023-02-07 17:15:36', 0),
(76, '::1', '7654', NULL, '2023-02-07 17:32:52', 0),
(77, '::1', '7654', NULL, '2023-02-07 17:33:06', 0),
(78, '::1', '7654', NULL, '2023-02-07 17:35:08', 0),
(79, '::1', '7654', NULL, '2023-02-08 04:51:57', 0),
(80, '::1', 'izam', NULL, '2023-02-08 05:03:15', 0),
(81, '::1', 'izamsusilo@gmail.com', NULL, '2023-02-08 05:06:23', 0),
(82, '::1', 'izam', NULL, '2023-02-08 05:06:26', 0),
(83, '::1', 'izam', NULL, '2023-02-08 05:06:27', 0),
(84, '::1', 'izamsusilo@gmail.com', NULL, '2023-02-08 05:06:52', 0),
(85, '::1', 'adfa', NULL, '2023-02-08 05:06:58', 0),
(86, '::1', 'adsF', NULL, '2023-02-08 05:07:00', 0),
(87, '::1', 'izamsusilo@gmail.com', 14, '2023-02-08 05:07:12', 1),
(88, '::1', 'izamsusilo@gmail.com', 14, '2023-02-08 05:13:35', 1),
(89, '::1', 'izamsusilo@gmail.com', 14, '2023-02-08 05:16:24', 1),
(90, '::1', 'izamsusilo@gmail.com', 14, '2023-02-08 06:39:29', 1),
(91, '::1', 'izamsusilo@gmail.com', 14, '2023-02-08 07:36:57', 1),
(92, '::1', 'dhiva@gmail.com', 24, '2023-02-08 07:46:30', 1),
(93, '::1', 'ridho@gmail.com', 26, '2023-02-08 07:46:49', 1),
(94, '::1', '09880980067956756', NULL, '2023-02-08 07:51:26', 0),
(95, '::1', 'sesa@gmail.com', 27, '2023-02-08 07:51:42', 1),
(96, '::1', 'izamsusilo@gmail.com', 14, '2023-02-08 07:52:06', 1),
(97, '::1', 'sesa@gmail.com', 27, '2023-02-08 08:03:28', 1),
(98, '::1', 'dhiva@gmail.com', 24, '2023-02-08 08:13:07', 1),
(99, '::1', 'izamsusilo@gmail.com', 14, '2023-02-08 08:29:48', 1),
(100, '::1', 'izamsusilo@gmail.com', 14, '2023-02-08 09:02:03', 1),
(101, '::1', 'izamsusilo@gmail.com', 14, '2023-02-08 09:04:28', 1),
(102, '::1', 'izamsusilo@gmail.com', 14, '2023-02-08 09:43:11', 1),
(103, '::1', 'izamsusilo@gmail.com', 14, '2023-02-08 09:45:05', 1),
(104, '::1', 'izamsusilo@gmail.com', 14, '2023-02-08 10:39:53', 1),
(105, '::1', 'izamsusilo@gmail.com', 14, '2023-02-08 11:56:20', 1),
(106, '::1', 'ridho@gmail.com', 26, '2023-02-08 13:25:20', 1),
(107, '::1', 'izamsusilo@gmail.com', 14, '2023-02-08 13:27:23', 1),
(108, '::1', 'ridho@gmail.com', 26, '2023-02-08 13:29:38', 1),
(109, '::1', 'dhiva@gmail.com', 24, '2023-02-08 13:31:18', 1),
(110, '::1', 'sesa@gmail.com', 27, '2023-02-08 13:31:37', 1),
(111, '::1', 'izamsusilo@gmail.com', 14, '2023-02-08 13:33:51', 1),
(112, '::1', 'ridho@gmail.com', 26, '2023-02-08 13:34:04', 1),
(113, '::1', 'sesa@gmail.com', 27, '2023-02-08 13:36:16', 1),
(114, '::1', 'dhiva@gmail.com', 24, '2023-02-08 13:51:56', 1),
(115, '::1', 'izamsusilo@gmail.com', 14, '2023-02-09 01:00:03', 1),
(116, '::1', 'izamsusilo@gmail.com', 14, '2023-02-09 01:25:55', 1),
(117, '::1', 'izamsusilo@gmail.com', 14, '2023-02-09 01:44:16', 1),
(118, '::1', 'dhiva@gmail.com', 24, '2023-02-09 02:28:19', 1),
(119, '::1', 'izamsusilo@gmail.com', 14, '2023-02-09 02:28:59', 1),
(120, '::1', 'dhiva@gmail.com', 24, '2023-02-09 02:33:32', 1),
(121, '::1', 'izamsusilo@gmail.com', 14, '2023-02-09 03:56:27', 1),
(122, '::1', 'izamsusilo@gmail.com', 14, '2023-02-09 04:10:22', 1),
(123, '::1', 'izamsusilo@gmail.com', 14, '2023-02-09 05:28:36', 1),
(124, '::1', 'izamsusilo@gmail.com', 14, '2023-02-09 08:14:00', 1),
(125, '::1', 'dhiva@gmail.com', 24, '2023-02-09 08:14:53', 1),
(126, '::1', 'ridho@gmail.com', 26, '2023-02-09 08:17:28', 1),
(127, '::1', 'izamsusilo@gmail.com', 14, '2023-02-09 08:17:51', 1),
(128, '::1', 'izamsusilo@gmail.com', 14, '2023-02-09 08:39:18', 1),
(129, '::1', 'izamsusilo@gmail.com', 14, '2023-02-09 17:18:23', 1),
(130, '::1', 'dhiva@gmail.com', 24, '2023-02-09 18:26:24', 1),
(131, '::1', 'asmiamien@gmail.com', 15, '2023-02-09 18:26:50', 1),
(132, '::1', 'izamsusilo@gmail.com', 14, '2023-02-10 03:41:04', 1),
(133, '::1', 'dhiva@gmail.com', 24, '2023-02-10 04:09:09', 1),
(134, '::1', 'asmiamien@gmail.com', 15, '2023-02-10 04:32:57', 1),
(135, '::1', 'dhiva@gmail.com', 24, '2023-02-10 04:34:00', 1),
(136, '::1', 'asmiamien@gmail.com', 15, '2023-02-10 04:36:45', 1),
(137, '::1', 'dhiva@gmail.com', 24, '2023-02-10 04:49:58', 1),
(138, '::1', 'asmiamien@gmail.com', 15, '2023-02-10 04:54:45', 1),
(139, '::1', 'izamsusilo@gmail.com', 14, '2023-02-10 04:59:22', 1),
(140, '::1', 'dhiva@gmail.com', 24, '2023-02-10 05:00:31', 1),
(141, '::1', 'asmiamien@gmail.com', 15, '2023-02-10 05:00:51', 1),
(142, '::1', 'izamsusilo@gmail.com', 14, '2023-02-10 05:02:54', 1),
(143, '::1', 'erick@gmail.com', 16, '2023-02-10 05:14:10', 1),
(144, '::1', 'dhiva@gmail.com', 24, '2023-02-10 06:25:53', 1),
(145, '::1', 'asmiamien@gmail.com', 15, '2023-02-10 06:28:25', 1),
(146, '::1', 'dhiva@gmail.com', 24, '2023-02-10 06:30:15', 1),
(147, '::1', 'asmiamien@gmail.com', 15, '2023-02-10 06:32:53', 1),
(148, '::1', 'dhiva@gmail.com', 24, '2023-02-10 06:33:33', 1),
(149, '::1', 'izamsusilo@gmail.com', 14, '2023-02-10 07:34:32', 1),
(150, '::1', 'dhiva@gmail.com', 24, '2023-02-10 07:36:54', 1),
(151, '::1', 'izamsusilo@gmail.com', 14, '2023-02-10 08:11:02', 1),
(152, '::1', 'sesa@gmail.com', 27, '2023-02-10 08:45:56', 1),
(153, '::1', 'ridho@gmail.com', 26, '2023-02-10 09:04:07', 1),
(154, '::1', 'sesa@gmail.com', 27, '2023-02-10 09:05:55', 1),
(155, '::1', 'ridho@gmail.com', 26, '2023-02-10 09:07:10', 1),
(156, '::1', 'izamsusilo@gmail.com', 14, '2023-02-10 09:08:35', 1),
(157, '::1', 'izamsusilo@gmail.com', 14, '2023-02-10 09:10:55', 1),
(158, '::1', 'dhiva@gmail.com', 24, '2023-02-10 09:11:08', 1),
(159, '::1', 'ridho@gmail.com', 26, '2023-02-10 09:13:23', 1),
(160, '::1', 'sesa@gmail.com', 27, '2023-02-10 09:14:45', 1),
(161, '::1', 'izamsusilo@gmail.com', 14, '2023-02-10 09:50:01', 1),
(162, '::1', '09880980047645645', NULL, '2023-02-10 09:50:27', 0),
(163, '::1', 'ridho@gmail.com', 26, '2023-02-10 09:50:29', 1),
(164, '::1', 'sesa@gmail.com', 27, '2023-02-10 09:52:27', 1),
(165, '::1', 'ridho@gmail.com', 26, '2023-02-10 09:59:07', 1),
(166, '::1', 'sesa@gmail.com', 27, '2023-02-10 10:02:38', 1),
(167, '::1', 'izamsusilo@gmail.com', 14, '2023-02-10 10:04:28', 1),
(168, '::1', 'sesa@gmail.com', 27, '2023-02-10 10:07:37', 1),
(169, '::1', '0988098003463434', NULL, '2023-02-10 11:05:05', 0),
(170, '::1', 'dhiva@gmail.com', 24, '2023-02-10 11:05:07', 1),
(171, '::1', 'sesa@gmail.com', 27, '2023-02-10 11:07:06', 1),
(172, '::1', 'izamsusilo@gmail.com', 14, '2023-02-10 12:07:12', 1),
(173, '::1', 'sesa@gmail.com', 27, '2023-02-10 12:17:29', 1),
(174, '::1', 'izamsusilo@gmail.com', 14, '2023-02-10 12:18:10', 1),
(175, '::1', 'izamsusilo@gmail.com', 14, '2023-02-10 12:33:01', 1),
(176, '::1', 'dhiva@gmail.com', 24, '2023-02-10 12:38:04', 1),
(177, '::1', 'sesa@gmail.com', 27, '2023-02-10 12:39:01', 1),
(178, '::1', 'izamsusilo@gmail.com', 14, '2023-02-10 12:50:27', 1),
(179, '::1', 'sesa@gmail.com', 27, '2023-02-10 13:15:42', 1),
(180, '::1', 'dhiva@gmail.com', 24, '2023-02-10 13:53:37', 1),
(181, '::1', 'izamsusilo@gmail.com', 14, '2023-02-10 14:11:25', 1),
(182, '::1', 'izamsusilo@gmail.com', 14, '2023-02-10 18:59:35', 1),
(183, '::1', 'sesa@gmail.com', 27, '2023-02-10 19:00:07', 1),
(184, '::1', 'izamsusilo@gmail.com', 14, '2023-02-11 04:27:48', 1),
(185, '::1', 'sesa@gmail.com', 27, '2023-02-11 04:53:24', 1),
(186, '::1', 'sesa@gmail.com', 27, '2023-02-11 12:09:23', 1),
(187, '::1', 'izamsusilo@gmail.com', 14, '2023-02-11 14:57:46', 1),
(188, '::1', 'ridho@gmail.com', 26, '2023-02-11 14:58:26', 1),
(189, '::1', '0988098003463434', NULL, '2023-02-11 15:00:16', 0),
(190, '::1', 'dhiva@gmail.com', 24, '2023-02-11 15:00:18', 1),
(191, '::1', 'ridho@gmail.com', 26, '2023-02-11 15:00:40', 1),
(192, '::1', 'sesa@gmail.com', 27, '2023-02-11 16:00:29', 1),
(193, '::1', 'ridho@gmail.com', 26, '2023-02-11 16:36:21', 1),
(194, '::1', 'izamsusilo@gmail.com', 14, '2023-02-11 17:09:44', 1),
(195, '::1', 'izamsusilo@gmail.com', 14, '2023-02-11 17:30:47', 1),
(196, '::1', 'dhiva@gmail.com', 24, '2023-02-11 17:30:54', 1),
(197, '::1', 'izamsusilo@gmail.com', 14, '2023-02-11 17:36:15', 1),
(198, '::1', '2017', NULL, '2023-02-11 17:37:06', 0),
(199, '::1', 'dhiva@gmail.com', 24, '2023-02-11 17:37:11', 1),
(200, '::1', 'sesa@gmail.com', 27, '2023-02-11 17:38:00', 1),
(201, '::1', 'dhiva@gmail.com', 24, '2023-02-11 17:38:16', 1),
(202, '::1', 'dhiva@gmail.com', 24, '2023-02-12 06:32:32', 1),
(203, '::1', 'sesa@gmail.com', 27, '2023-02-12 06:33:20', 1),
(204, '::1', 'ridho@gmail.com', 26, '2023-02-12 07:21:40', 1),
(205, '::1', 'sesa@gmail.com', 27, '2023-02-12 07:25:29', 1),
(206, '::1', 'ridho@gmail.com', 26, '2023-02-12 07:26:12', 1),
(207, '::1', 'izamsusilo@gmail.com', 14, '2023-02-12 07:42:10', 1),
(208, '::1', 'dhiva@gmail.com', 24, '2023-02-12 07:45:19', 1),
(209, '::1', '20221', NULL, '2023-02-12 07:46:04', 0),
(210, '::1', '20221', NULL, '2023-02-12 07:46:07', 0),
(211, '::1', 'sesa@gmail.com', 27, '2023-02-12 07:46:11', 1),
(212, '::1', 'ridho@gmail.com', 26, '2023-02-12 07:49:19', 1),
(213, '::1', 'sesa@gmail.com', 27, '2023-02-12 07:49:42', 1),
(214, '::1', 'sesa@gmail.com', 27, '2023-02-12 08:17:12', 1),
(215, '::1', 'ridho@gmail.com', 26, '2023-02-12 08:17:18', 1),
(216, '::1', 'dhiva@gmail.com', 24, '2023-02-12 08:33:03', 1),
(217, '::1', 'sesa@gmail.com', 27, '2023-02-12 08:58:27', 1),
(218, '::1', 'ridho@gmail.com', 26, '2023-02-12 09:00:08', 1),
(219, '::1', 'sesa@gmail.com', 27, '2023-02-12 09:00:33', 1),
(220, '::1', 'ridho@gmail.com', 26, '2023-02-12 09:01:25', 1),
(221, '::1', 'sesa@gmail.com', 27, '2023-02-12 09:01:48', 1),
(222, '::1', 'ridho@gmail.com', 26, '2023-02-12 09:02:27', 1),
(223, '::1', 'izamsusilo@gmail.com', 14, '2023-02-12 09:02:55', 1),
(224, '::1', 'dhiva@gmail.com', 24, '2023-02-12 09:03:12', 1),
(225, '::1', 'izamsusilo@gmail.com', 14, '2023-02-12 09:24:19', 1),
(226, '::1', 'dhiva@gmail.com', 24, '2023-02-12 09:24:29', 1),
(227, '::1', 'izamsusilo@gmail.com', 14, '2023-02-12 09:28:21', 1),
(228, '::1', 'dhiva@gmail.com', 24, '2023-02-12 09:28:27', 1),
(229, '::1', 'dhiva@gmail.com', 24, '2023-02-12 09:30:43', 1),
(230, '::1', 'dhiva@gmail.com', 24, '2023-02-12 09:33:30', 1),
(231, '::1', 'sesa@gmail.com', 27, '2023-02-12 09:57:05', 1),
(232, '::1', 'ridho@gmail.com', 26, '2023-02-12 09:58:11', 1),
(233, '::1', 'izamsusilo@gmail.com', 14, '2023-02-12 09:59:08', 1),
(234, '::1', 'dhiva@gmail.com', 24, '2023-02-12 10:01:47', 1),
(235, '::1', 'sesa@gmail.com', 27, '2023-02-12 10:03:26', 1),
(236, '::1', 'ridho@gmail.com', 26, '2023-02-12 10:04:13', 1),
(237, '::1', 'dhiva@gmail.com', 24, '2023-02-12 10:07:31', 1),
(238, '::1', 'izamsusilo@gmail.com', 14, '2023-02-12 10:20:50', 1),
(239, '::1', 'dhiva@gmail.com', 24, '2023-02-12 10:36:26', 1),
(240, '::1', 'izamsusilo@gmail.com', 14, '2023-02-12 10:44:55', 1),
(241, '::1', 'sesa@gmail.com', 27, '2023-02-12 10:49:22', 1),
(242, '::1', 'sesa@gmail.com', 27, '2023-02-12 10:51:01', 1),
(243, '::1', 'dhiva@gmail.com', 24, '2023-02-12 10:51:09', 1),
(244, '::1', 'izamsusilo@gmail.com', 14, '2023-02-12 10:57:25', 1),
(245, '::1', 'dhiva@gmail.com', 24, '2023-02-12 11:01:13', 1),
(246, '::1', 'sesa@gmail.com', 27, '2023-02-12 11:02:09', 1),
(247, '::1', 'dhiva@gmail.com', 24, '2023-02-12 12:48:05', 1),
(248, '::1', 'sesa@gmail.com', 27, '2023-02-12 17:14:48', 1),
(249, '::1', 'ridho@gmail.com', 26, '2023-02-12 17:19:08', 1),
(250, '::1', 'izamsusilo@gmail.com', 14, '2023-02-12 17:21:16', 1),
(251, '::1', 'dhiva@gmail.com', 24, '2023-02-12 17:21:31', 1),
(252, '::1', 'izamsusilo@gmail.com', 14, '2023-02-13 01:14:22', 1),
(253, '::1', 'dhiva@gmail.com', 24, '2023-02-13 01:18:10', 1),
(254, '::1', 'izamsusilo@gmail.com', 14, '2023-02-13 01:22:38', 1),
(255, '::1', 'izamsusilo@gmail.com', 14, '2023-02-13 01:29:59', 1),
(256, '::1', 'dhiva@gmail.com', 24, '2023-02-13 01:30:26', 1),
(257, '::1', 'dhiva@gmail.com', 24, '2023-02-13 01:39:29', 1),
(258, '::1', 'sesa@gmail.com', 27, '2023-02-13 01:39:40', 1),
(259, '::1', 'izamsusilo@gmail.com', 14, '2023-02-13 01:45:08', 1),
(260, '::1', 'dhiva@gmail.com', 24, '2023-02-13 01:45:30', 1),
(261, '::1', 'tamara@gmail.com', 27, '2023-02-13 02:16:27', 1),
(262, '::1', 'dhiva@gmail.com', 24, '2023-02-13 02:43:31', 1),
(263, '::1', 'tamara@gmail.com', 27, '2023-02-13 03:44:52', 1),
(264, '::1', 'dhiva@gmail.com', 24, '2023-02-13 06:33:49', 1),
(265, '::1', 'dhiva@gmail.com', 24, '2023-02-13 06:34:20', 1),
(266, '::1', 'tamara@gmail.com', 27, '2023-02-13 06:42:45', 1),
(267, '::1', 'dhiva@gmail.com', 24, '2023-02-13 06:44:42', 1),
(268, '::1', 'tamara@gmail.com', 27, '2023-02-13 07:24:09', 1),
(269, '::1', 'dhiva@gmail.com', 24, '2023-02-13 07:25:43', 1),
(270, '::1', 'izamsusilo@gmail.com', 14, '2023-02-13 07:50:49', 1),
(271, '::1', 'dhiva@gmail.com', 24, '2023-02-13 08:13:36', 1),
(272, '::1', 'izamsusilo@gmail.com', 14, '2023-02-13 08:28:37', 1),
(273, '::1', 'ridho@gmail.com', 26, '2023-02-13 08:52:27', 1),
(274, '::1', 'dhiva@gmail.com', 24, '2023-02-14 03:40:15', 1),
(275, '::1', 'dhiva@gmail.com', 24, '2023-02-14 06:21:49', 1),
(276, '::1', 'izamsusilo@gmail.com', 14, '2023-02-14 06:49:28', 1),
(277, '::1', 'izamsusilo@gmail.com', 14, '2023-02-14 06:49:41', 1),
(278, '::1', 'dhiva@gmail.com', 24, '2023-02-14 06:50:00', 1),
(279, '::1', '574324', NULL, '2023-02-14 09:50:28', 0),
(280, '::1', '574324', NULL, '2023-02-14 09:50:51', 0),
(281, '::1', '574324', NULL, '2023-02-14 09:55:41', 0),
(282, '::1', 'izamsusilo@gmail.com', 14, '2023-02-14 14:09:15', 1),
(283, '::1', 'dhiva@gmail.com', 24, '2023-02-14 14:09:23', 1),
(284, '::1', 'tamara@gmail.com', 27, '2023-02-14 20:25:05', 1),
(285, '::1', 'dhiva@gmail.com', 24, '2023-02-15 05:26:44', 1),
(286, '::1', 'tamara@gmail.com', 27, '2023-02-15 07:18:00', 1),
(287, '::1', '2022', NULL, '2023-02-15 07:36:43', 0),
(288, '::1', 'hayo@gmail.com', 26, '2023-02-15 07:37:44', 1),
(289, '::1', 'dhiva@gmail.com', 24, '2023-02-15 07:38:24', 1),
(290, '::1', 'tamara@gmail.com', 27, '2023-02-15 07:50:38', 1),
(291, '::1', 'hayo@gmail.com', 26, '2023-02-15 07:51:44', 1),
(292, '::1', 'dhiva@gmail.com', 24, '2023-02-15 07:52:22', 1),
(293, '::1', 'tamara@gmail.com', 27, '2023-02-15 07:56:46', 1),
(294, '::1', 'dhiva@gmail.com', 24, '2023-02-15 07:57:24', 1),
(295, '::1', 'hayo@gmail.com', 26, '2023-02-15 08:39:42', 1),
(296, '::1', 'dhiva@gmail.com', 24, '2023-02-15 08:45:52', 1),
(297, '::1', 'dhiva@gmail.com', 24, '2023-02-15 08:51:55', 1),
(298, '::1', 'tamara@gmail.com', 27, '2023-02-15 08:56:01', 1),
(299, '::1', 'hayo@gmail.com', 26, '2023-02-15 08:56:58', 1),
(300, '::1', 'dhiva@gmail.com', 24, '2023-02-15 09:08:47', 1),
(301, '::1', 'tamara@gmail.com', 27, '2023-02-15 09:15:42', 1),
(302, '::1', 'dhiva@gmail.com', 24, '2023-02-15 09:38:04', 1),
(303, '::1', 'tamara@gmail.com', 27, '2023-02-15 10:03:41', 1),
(304, '::1', 'hayo@gmail.com', 26, '2023-02-15 10:11:01', 1),
(305, '::1', 'dhiva@gmail.com', 24, '2023-02-15 11:52:20', 1),
(306, '::1', 'tamara@gmail.com', 27, '2023-02-15 12:41:18', 1),
(307, '::1', 'hayo@gmail.com', 26, '2023-02-15 12:58:26', 1),
(308, '::1', 'tamara@gmail.com', 27, '2023-02-15 13:03:23', 1),
(309, '::1', 'dhiva@gmail.com', 24, '2023-02-15 13:06:25', 1),
(310, '::1', 'izamsusilo@gmail.com', 14, '2023-02-15 13:28:33', 1),
(311, '::1', 'dhiva@gmail.com', 24, '2023-02-15 14:02:15', 1),
(312, '::1', 'dhiva@gmail.com', 24, '2023-02-16 01:27:39', 1),
(313, '::1', '09328452', NULL, '2023-02-16 05:06:33', 0),
(314, '::1', '09880980', NULL, '2023-02-16 05:06:49', 0),
(315, '::1', '09880980', NULL, '2023-02-16 05:07:06', 0),
(316, '::1', 'izamsusilo@gmail.com', 14, '2023-02-16 05:07:13', 1),
(317, '::1', 'izamsusilo@gmail.com', 14, '2023-02-16 05:07:45', 1),
(318, '::1', 'izamsusilo@gmail.com', 14, '2023-02-16 05:08:01', 1),
(319, '::1', 'izamsusilo@gmail.com', 14, '2023-02-16 05:35:53', 1),
(320, '::1', 'dhiva@gmail.com', 24, '2023-02-16 05:39:36', 1),
(321, '::1', 'dhiva@gmail.com', 24, '2023-02-16 16:29:56', 1),
(322, '::1', 'dhiva@gmail.com', 24, '2023-02-17 06:49:20', 1),
(323, '::1', 'izamsusilo@gmail.com', 14, '2023-02-17 12:48:49', 1),
(324, '::1', 'dhiva@gmail.com', 24, '2023-02-17 12:49:39', 1),
(325, '::1', 'tamara@gmail.com', 27, '2023-02-17 15:32:27', 1),
(326, '::1', 'dhiva@gmail.com', 24, '2023-02-17 20:00:45', 1),
(327, '::1', 'dodi@gmail.com', 34, '2023-02-17 20:47:59', 1),
(328, '::1', '12432432432', NULL, '2023-02-17 21:30:41', 0),
(329, '::1', 'dodi@gmail.com', 34, '2023-02-17 21:30:49', 1),
(330, '::1', 'tamara@gmail.com', 27, '2023-02-17 21:32:31', 1),
(331, '::1', 'aziz@gmail.com', 30, '2023-02-17 21:36:26', 1),
(332, '::1', 'aziz@gmail.com', 30, '2023-02-17 21:37:00', 1),
(333, '::1', '45034623', NULL, '2023-02-17 22:31:24', 0),
(334, '::1', '09880980', NULL, '2023-02-17 22:31:28', 0),
(335, '::1', '45034623', NULL, '2023-02-17 22:31:42', 0),
(336, '::1', '45034623', NULL, '2023-02-17 22:31:46', 0),
(337, '::1', 'dhiva@gmail.com', 24, '2023-02-17 22:51:43', 1),
(338, '::1', 'izamsusilo@gmail.com', 14, '2023-02-17 22:58:30', 1),
(339, '::1', 'dhiva@gmail.com', 24, '2023-02-17 22:59:33', 1),
(340, '::1', 'izamsusilo@gmail.com', 14, '2023-02-17 23:09:18', 1),
(341, '::1', 'dhiva@gmail.com', 24, '2023-02-17 23:12:12', 1),
(342, '::1', '056734', NULL, '2023-02-17 23:26:11', 0),
(343, '::1', 'aziz@gmail.com', 30, '2023-02-17 23:26:15', 1),
(344, '::1', '2021', NULL, '2023-02-17 23:30:55', 0),
(345, '::1', '2021', NULL, '2023-02-17 23:30:59', 0),
(346, '::1', '2021', NULL, '2023-02-17 23:31:07', 0),
(347, '::1', '2021', NULL, '2023-02-17 23:31:28', 0),
(348, '::1', '2021', NULL, '2023-02-17 23:31:34', 0),
(349, '::1', 'tamara@gmail.com', 27, '2023-02-17 23:36:39', 1),
(350, '::1', 'tamara@gmail.com', 27, '2023-02-17 23:37:08', 1),
(351, '::1', 'tamara@gmail.com', 27, '2023-02-17 23:47:55', 1),
(352, '::1', 'tamara@gmail.com', 27, '2023-02-18 05:44:50', 1),
(353, '::1', 'tamara@gmail.com', 27, '2023-02-18 05:55:16', 1),
(354, '::1', 'tamara@gmail.com', 27, '2023-02-18 05:55:54', 1),
(355, '::1', 'dhiva@gmail.com', 24, '2023-02-18 06:23:58', 1),
(356, '::1', 'tamara@gmail.com', 27, '2023-02-18 06:36:38', 1),
(357, '::1', 'hayo@gmail.com', 26, '2023-02-18 06:48:32', 1),
(358, '::1', 'tamara@gmail.com', 27, '2023-02-18 06:51:05', 1),
(359, '::1', 'hayo@gmail.com', 26, '2023-02-18 07:11:46', 1),
(360, '::1', 'dhiva@gmail.com', 24, '2023-02-18 07:15:45', 1),
(361, '::1', 'dhiva@gmail.com', 24, '2023-02-18 15:24:00', 1),
(362, '::1', 'tamara@gmail.com', 27, '2023-02-18 15:25:05', 1),
(363, '::1', 'hayo@gmail.com', 26, '2023-02-18 16:11:08', 1),
(364, '::1', 'tamara@gmail.com', 27, '2023-02-18 16:40:10', 1),
(365, '::1', 'dhiva@gmail.com', 24, '2023-02-18 16:40:30', 1),
(366, '::1', 'dhiva@gmail.com', 24, '2023-02-19 05:37:17', 1),
(367, '::1', 'tamara@gmail.com', 27, '2023-02-19 06:34:45', 1),
(368, '::1', 'hayo@gmail.com', 26, '2023-02-19 06:48:40', 1),
(369, '::1', 'tamara@gmail.com', 27, '2023-02-19 06:49:03', 1),
(370, '::1', 'hayo@gmail.com', 26, '2023-02-19 06:53:38', 1),
(371, '::1', 'tamara@gmail.com', 27, '2023-02-19 07:01:53', 1),
(372, '::1', 'dhiva@gmail.com', 24, '2023-02-19 10:27:04', 1),
(373, '::1', 'tamara@gmail.com', 27, '2023-02-19 10:27:27', 1),
(374, '::1', 'hayo@gmail.com', 26, '2023-02-19 10:58:55', 1),
(375, '::1', 'dhiva@gmail.com', 24, '2023-02-19 11:34:06', 1),
(376, '::1', 'tamara@gmail.com', 27, '2023-02-19 12:03:24', 1),
(377, '::1', 'dhiva@gmail.com', 24, '2023-02-19 12:04:55', 1),
(378, '::1', 'tamara@gmail.com', 27, '2023-02-19 12:08:48', 1),
(379, '::1', 'dhiva@gmail.com', 24, '2023-02-19 12:43:30', 1),
(380, '::1', 'dhiva@gmail.com', 24, '2023-02-19 12:58:48', 1),
(381, '::1', 'tamara@gmail.com', 27, '2023-02-19 12:58:54', 1),
(382, '::1', 'izamsusilo@gmail.com', 14, '2023-02-19 13:00:05', 1),
(383, '::1', 'hayo@gmail.com', 26, '2023-02-19 13:00:33', 1),
(384, '::1', 'tamara@gmail.com', 27, '2023-02-19 13:11:27', 1),
(385, '::1', 'dhiva@gmail.com', 24, '2023-02-19 13:28:16', 1),
(386, '::1', 'izamsusilo@gmail.com', 14, '2023-02-19 13:41:48', 1),
(387, '::1', 'dhiva@gmail.com', 24, '2023-02-19 13:41:54', 1),
(388, '::1', 'tamara@gmail.com', 27, '2023-02-19 14:29:52', 1),
(389, '::1', 'dhiva@gmail.com', 24, '2023-02-20 01:12:08', 1),
(390, '::1', 'dhiva@gmail.com', 24, '2023-02-20 02:55:17', 1),
(391, '::1', 'TOMI SOLIHIN', NULL, '2023-02-20 14:39:50', 0),
(392, '::1', 'TSL', NULL, '2023-02-20 14:40:03', 0),
(393, '::1', 'TSL', NULL, '2023-02-20 15:07:25', 0),
(394, '::1', '160300304', NULL, '2023-02-20 15:09:04', 0),
(395, '::1', '210300717', NULL, '2023-02-20 15:12:47', 0),
(396, '::1', 'RKB', NULL, '2023-02-20 15:16:13', 0),
(397, '::1', '220801524', NULL, '2023-02-20 15:18:07', 0),
(398, '::1', '210200377', NULL, '2023-02-20 17:12:10', 0),
(399, '::1', '210501256', NULL, '2023-02-20 17:31:49', 0),
(400, '::1', '210601350', NULL, '2023-02-20 17:32:53', 0),
(401, '::1', '210601350', NULL, '2023-02-20 17:33:03', 0),
(402, '::1', '210601350', NULL, '2023-02-20 17:33:32', 0),
(403, '::1', '130100009', NULL, '2023-02-20 17:45:28', 0),
(404, '::1', '160500504', NULL, '2023-02-20 17:46:07', 0),
(405, '::1', '170400955', NULL, '2023-02-20 17:47:13', 0),
(406, '::1', '170400955', NULL, '2023-02-20 17:47:17', 0),
(407, '::1', '191102840', NULL, '2023-02-20 17:47:33', 0),
(408, '::1', '220100052', NULL, '2023-02-20 17:47:54', 0),
(409, '::1', '210200458', NULL, '2023-02-20 18:07:03', 0),
(410, '::1', '210200458', NULL, '2023-02-20 18:07:08', 0),
(411, '::1', '210200458', NULL, '2023-02-20 18:07:20', 0),
(412, '::1', '230100108', NULL, '2023-02-20 18:07:32', 0),
(413, '::1', '2020', NULL, '2023-02-20 18:27:04', 0),
(414, '::1', '2020', NULL, '2023-02-20 18:27:07', 0),
(415, '::1', '2020', NULL, '2023-02-20 18:37:08', 0),
(416, '::1', 'dhiva@gmail.com', 1, '2023-02-20 18:37:25', 1),
(417, '::1', 'dhiva@gmail.com', 1, '2023-02-20 22:01:25', 1),
(418, '::1', 'dhiva@gmail.com', 1, '2023-02-21 04:06:11', 1),
(419, '::1', '15070086', NULL, '2023-02-21 10:20:31', 0),
(420, '::1', '2020', NULL, '2023-02-26 07:19:08', 0),
(421, '::1', 'dhiva@gmail.com', 1, '2023-02-26 07:19:20', 1),
(422, '::1', 'dhiva@gmail.com', 1, '2023-02-27 01:34:40', 1),
(423, '::1', 'dhiva@gmail.com', 1, '2023-02-27 18:43:53', 1),
(424, '::1', 'dhiva@gmail.com', 1, '2023-02-27 18:44:05', 1),
(425, '::1', 'dhiva@gmail.com', 1, '2023-02-28 07:12:10', 1),
(426, '::1', 'dhiva@gmail.com', 1, '2023-02-28 07:12:24', 1),
(427, '::1', 'dhiva@gmail.com', 1, '2023-02-28 10:22:10', 1),
(428, '::1', 'dhiva@gmail.com', 1, '2023-02-28 16:48:56', 1),
(429, '::1', '2021', NULL, '2023-02-28 21:33:11', 0),
(430, '::1', 'tamara@gmail.com', 2, '2023-02-28 21:33:18', 1),
(431, '::1', 'dhiva@gmail.com', 1, '2023-02-28 21:34:14', 1),
(432, '::1', 'dhiva@gmail.com', 1, '2023-03-01 03:18:04', 1),
(433, '::1', 'dhiva@gmail.com', 1, '2023-03-01 07:47:54', 1),
(434, '::1', 'dhiva@gmail.com', 1, '2023-03-01 08:39:25', 1),
(435, '::1', 'dhiva@gmail.com', 1, '2023-03-01 08:49:23', 1),
(436, '::1', 'dhiva@gmail.com', 1, '2023-03-01 12:47:52', 1),
(437, '::1', 'dhiva@gmail.com', 1, '2023-03-01 12:52:20', 1),
(438, '::1', 'dhiva@gmail.com', 1, '2023-03-01 12:57:48', 1),
(439, '::1', 'dhiva@gmail.com', 1, '2023-03-02 01:20:23', 1),
(440, '::1', 'tamara@gmail.com', 2, '2023-03-02 02:05:41', 1),
(441, '::1', '2023', NULL, '2023-03-02 05:39:08', 0),
(442, '::1', 'admin@gmail.com', 4, '2023-03-02 05:39:22', 1),
(443, '::1', 'dhiva@gmail.com', 1, '2023-03-02 06:21:36', 1),
(444, '::1', 'admin@gmail.com', 4, '2023-03-02 06:35:12', 1),
(445, '::1', 'tamara@gmail.com', 2, '2023-03-02 06:38:02', 1),
(446, '::1', '2023', NULL, '2023-03-02 06:38:10', 0),
(447, '::1', 'admin@gmail.com', 4, '2023-03-02 06:38:19', 1),
(448, '::1', 'admin@gmail.com', 4, '2023-03-02 06:41:05', 1),
(449, '::1', 'dhiva@gmail.com', 1, '2023-03-02 07:05:33', 1),
(450, '::1', '2022', NULL, '2023-03-02 07:30:58', 0),
(451, '::1', 'ramenramen@gmail.com', 3, '2023-03-02 07:31:02', 1),
(452, '::1', 'dhiva@gmail.com', 1, '2023-03-02 08:19:41', 1),
(453, '::1', 'dhiva@gmail.com', 1, '2023-03-03 05:56:24', 1),
(454, '::1', 'tamara@gmail.com', 2, '2023-03-03 05:58:15', 1),
(455, '::1', 'dhiva@gmail.com', 1, '2023-03-03 06:11:14', 1),
(456, '::1', 'tamara@gmail.com', 2, '2023-03-03 06:11:36', 1),
(457, '::1', '230100118', NULL, '2023-03-03 06:24:43', 0),
(458, '::1', 'dhiva@gmail.com', 1, '2023-03-03 06:29:34', 1),
(459, '::1', 'dhiva@gmail.com', 1, '2023-03-03 06:33:09', 1),
(460, '::1', 'dhiva@gmail.com', 1, '2023-03-03 06:33:35', 1),
(461, '::1', 'tamara@gmail.com', 2, '2023-03-03 07:58:18', 1),
(462, '::1', 'dhiva@gmail.com', 1, '2023-03-03 10:41:13', 1),
(463, '::1', 'dhiva@gmail.com', 1, '2023-03-03 10:50:14', 1),
(464, '::1', 'dhiva@gmail.com', 1, '2023-03-03 10:53:20', 1),
(465, '::1', 'tamara@gmail.com', 2, '2023-03-03 11:30:41', 1),
(466, '::1', 'tamara@gmail.com', 2, '2023-03-03 11:31:06', 1),
(467, '::1', 'dhiva@gmail.com', 1, '2023-03-03 11:31:37', 1),
(468, '::1', 'dhiva@gmail.com', 1, '2023-03-03 11:32:11', 1),
(469, '::1', 'tamara@gmail.com', 2, '2023-03-03 11:32:18', 1),
(470, '::1', 'dhiva@gmail.com', 1, '2023-03-03 13:41:05', 1),
(471, '::1', 'tamara@gmail.com', 2, '2023-03-03 13:41:50', 1),
(472, '::1', 'tamara@gmail.com', 2, '2023-03-03 14:57:59', 1),
(473, '::1', 'dhiva@gmail.com', 1, '2023-03-03 15:32:36', 1),
(474, '::1', 'tamara@gmail.com', 2, '2023-03-03 15:33:03', 1),
(475, '::1', '050900042', NULL, '2023-03-03 16:01:38', 0),
(476, '::1', 'tamara@gmail.com', 2, '2023-03-03 16:07:19', 1),
(477, '::1', 'dhiva@gmail.com', 1, '2023-03-03 17:24:30', 1),
(478, '::1', 'tamara@gmail.com', 2, '2023-03-03 17:34:05', 1),
(479, '::1', 'dhiva@gmail.com', 1, '2023-03-03 17:34:12', 1),
(480, '::1', 'tamara@gmail.com', 2, '2023-03-03 17:37:06', 1),
(481, '::1', 'dhiva@gmail.com', 1, '2023-03-03 17:37:31', 1),
(482, '::1', 'tamara@gmail.com', 2, '2023-03-03 17:38:43', 1),
(483, '::1', 'dhiva@gmail.com', 1, '2023-03-03 17:44:25', 1),
(484, '::1', 'tamara@gmail.com', 2, '2023-03-03 17:50:44', 1),
(485, '::1', 'tamara@gmail.com', 2, '2023-03-03 17:56:40', 1),
(486, '::1', 'dhiva@gmail.com', 1, '2023-03-03 18:20:02', 1),
(487, '::1', 'tamara@gmail.com', 2, '2023-03-03 18:42:12', 1),
(488, '::1', 'tamara@gmail.com', 2, '2023-03-04 05:01:13', 1),
(489, '::1', 'tamara@gmail.com', 2, '2023-03-04 18:34:38', 1),
(490, '::1', 'dhiva@gmail.com', 1, '2023-03-04 18:34:47', 1),
(491, '::1', 'tamara@gmail.com', 2, '2023-03-04 19:44:20', 1),
(492, '::1', 'dhiva@gmail.com', 1, '2023-03-05 06:53:41', 1),
(493, '::1', 'tamara@gmail.com', 2, '2023-03-05 06:53:51', 1),
(494, '::1', 'dhiva@gmail.com', 1, '2023-03-05 12:20:40', 1),
(495, '::1', 'tamara@gmail.com', 2, '2023-03-05 12:47:00', 1),
(496, '::1', 'tamara@gmail.com', 2, '2023-03-05 16:45:15', 1),
(497, '::1', 'tamara@gmail.com', 2, '2023-03-05 16:46:25', 1),
(498, '::1', '130200038', NULL, '2023-03-05 16:49:02', 0),
(499, '::1', 'tamara@gmail.com', 2, '2023-03-06 00:46:10', 1),
(500, '::1', 'dhiva@gmail.com', 1, '2023-03-06 01:19:06', 1),
(501, '::1', 'tamara@gmail.com', 2, '2023-03-06 01:32:55', 1),
(502, '::1', 'dhiva@gmail.com', 1, '2023-03-06 01:56:06', 1),
(503, '::1', 'tamara@gmail.com', 2, '2023-03-06 02:18:41', 1),
(504, '::1', 'dhiva@gmail.com', 1, '2023-03-06 04:22:40', 1),
(505, '::1', 'tamara@gmail.com', 2, '2023-03-06 06:02:08', 1),
(506, '::1', 'dhiva@gmail.com', 1, '2023-03-06 07:22:50', 1),
(507, '::1', 'tamara@gmail.com', 2, '2023-03-06 08:36:56', 1),
(508, '::1', 'dhiva@gmail.com', 1, '2023-03-06 08:57:42', 1),
(509, '::1', 'dhiva@gmail.com', 1, '2023-03-06 18:19:41', 1),
(510, '::1', 'tamara@gmail.com', 2, '2023-03-06 19:12:08', 1),
(511, '::1', 'tamara@gmail.com', 2, '2023-03-06 19:19:41', 1),
(512, '::1', 'dhiva@gmail.com', 1, '2023-03-06 19:19:45', 1),
(513, '::1', 'tamara@gmail.com', 2, '2023-03-06 19:38:03', 1),
(514, '::1', 'dhiva@gmail.com', 1, '2023-03-06 19:42:47', 1),
(515, '::1', 'tamara@gmail.com', 2, '2023-03-06 20:05:25', 1),
(516, '::1', 'dhiva@gmail.com', 1, '2023-03-06 20:08:27', 1),
(517, '::1', 'dhiva@gmail.com', 1, '2023-03-07 04:01:56', 1),
(518, '::1', 'tamara@gmail.com', 2, '2023-03-07 04:17:56', 1),
(519, '::1', 'dhiva@gmail.com', 1, '2023-03-07 04:25:47', 1),
(520, '::1', 'tamara@gmail.com', 2, '2023-03-07 07:14:28', 1),
(521, '::1', 'dhiva@gmail.com', 1, '2023-03-07 07:15:14', 1),
(522, '::1', 'tamara@gmail.com', 2, '2023-03-07 07:15:33', 1),
(523, '::1', 'dhiva@gmail.com', 1, '2023-03-07 07:15:54', 1),
(524, '::1', 'tamara@gmail.com', 2, '2023-03-07 10:20:50', 1),
(525, '::1', 'dhiva@gmail.com', 1, '2023-03-07 10:24:05', 1),
(526, '::1', 'tamara@gmail.com', 2, '2023-03-07 13:34:59', 1),
(527, '::1', 'dhiva@gmail.com', 1, '2023-03-07 13:55:46', 1),
(528, '::1', 'tamara@gmail.com', 2, '2023-03-07 13:56:16', 1),
(529, '::1', 'dhiva@gmail.com', 1, '2023-03-07 13:56:31', 1),
(530, '::1', 'tamara@gmail.com', 2, '2023-03-07 13:56:50', 1),
(531, '::1', 'dhiva@gmail.com', 1, '2023-03-07 13:57:09', 1),
(532, '::1', 'tamara@gmail.com', 2, '2023-03-07 13:58:59', 1),
(533, '::1', 'dhiva@gmail.com', 1, '2023-03-07 14:02:08', 1),
(534, '::1', 'dhiva@gmail.com', 1, '2023-03-07 17:41:20', 1),
(535, '::1', 'tamara@gmail.com', 2, '2023-03-07 17:59:51', 1),
(536, '::1', 'dhiva@gmail.com', 1, '2023-03-07 18:00:02', 1),
(537, '::1', 'tamara@gmail.com', 2, '2023-03-07 18:36:01', 1),
(538, '::1', 'dhiva@gmail.com', 1, '2023-03-07 18:40:55', 1),
(539, '::1', 'tamara@gmail.com', 2, '2023-03-07 19:25:32', 1),
(540, '::1', 'dhiva@gmail.com', 1, '2023-03-07 19:28:52', 1),
(541, '::1', 'tamara@gmail.com', 2, '2023-03-07 19:29:58', 1),
(542, '::1', 'tamara@gmail.com', 2, '2023-03-08 06:55:43', 1),
(543, '::1', 'dhiva@gmail.com', 1, '2023-03-08 10:07:13', 1),
(544, '::1', 'tamara@gmail.com', 2, '2023-03-08 10:07:21', 1),
(545, '::1', 'dhiva@gmail.com', 1, '2023-03-08 10:36:04', 1),
(546, '::1', 'tamara@gmail.com', 2, '2023-03-08 10:39:32', 1),
(547, '::1', 'dhiva@gmail.com', 1, '2023-03-08 10:41:05', 1),
(548, '::1', 'tamara@gmail.com', 2, '2023-03-08 10:43:19', 1),
(549, '::1', 'dhiva@gmail.com', 1, '2023-03-08 11:29:39', 1),
(550, '::1', 'tamara@gmail.com', 2, '2023-03-08 15:05:18', 1),
(551, '::1', 'dhiva@gmail.com', 1, '2023-03-08 15:05:29', 1),
(552, '::1', 'tamara@gmail.com', 2, '2023-03-09 01:15:21', 1),
(553, '::1', 'dhiva@gmail.com', 1, '2023-03-09 01:17:34', 1),
(554, '::1', 'tamara@gmail.com', 2, '2023-03-09 01:25:09', 1),
(555, '::1', 'dhiva@gmail.com', 1, '2023-03-09 02:27:19', 1),
(556, '::1', 'dhiva@gmail.com', 1, '2023-03-09 07:36:40', 1),
(557, '::1', '2023', NULL, '2023-03-09 08:02:21', 0),
(558, '::1', 'admin@gmail.com', 4, '2023-03-09 08:02:27', 1),
(559, '::1', 'dhiva@gmail.com', 1, '2023-03-09 08:11:22', 1),
(560, '::1', 'dhiva@gmail.com', 1, '2023-03-10 05:11:11', 1),
(561, '::1', 'dhiva@gmail.com', 1, '2023-03-10 12:07:54', 1),
(562, '::1', 'dhiva@gmail.com', 1, '2023-03-10 15:43:27', 1),
(563, '::1', 'tamara@gmail.com', 2, '2023-03-10 17:45:28', 1),
(564, '::1', 'dhiva@gmail.com', 1, '2023-03-10 17:45:34', 1),
(565, '::1', '2023', NULL, '2023-03-10 18:34:58', 0),
(566, '::1', 'admin@gmail.com', 4, '2023-03-10 18:35:05', 1),
(567, '::1', 'dhiva@gmail.com', 1, '2023-03-11 06:52:10', 1),
(568, '::1', 'dhiva@gmail.com', 1, '2023-03-11 13:12:44', 1),
(569, '::1', 'dhiva@gmail.com', 1, '2023-03-11 19:24:08', 1),
(570, '::1', 'dhiva@gmail.com', 1, '2023-03-12 06:44:18', 1),
(571, '::1', 'dhiva@gmail.com', 1, '2023-03-12 09:36:14', 1),
(572, '::1', 'dhiva@gmail.com', 1, '2023-03-12 12:45:18', 1),
(573, '::1', 'dhiva@gmail.com', 1, '2023-03-13 01:15:54', 1),
(574, '::1', 'dhiva@gmail.com', 1, '2023-03-13 06:40:46', 1),
(575, '::1', 'dhiva@gmail.com', 1, '2023-03-14 07:12:26', 1),
(576, '::1', 'dhiva@gmail.com', 1, '2023-03-15 07:14:04', 1),
(577, '::1', 'dhiva@gmail.com', 1, '2023-03-16 04:12:25', 1),
(578, '::1', 'dhiva@gmail.com', 1, '2023-03-16 08:47:24', 1),
(579, '::1', '2023', NULL, '2023-03-16 08:47:43', 0),
(580, '::1', 'admin@gmail.com', 4, '2023-03-16 08:47:52', 1),
(581, '::1', 'dhiva@gmail.com', 1, '2023-03-17 02:52:20', 1),
(582, '::1', 'tamara@gmail.com', 2, '2023-03-17 03:41:49', 1),
(583, '::1', 'dhiva@gmail.com', 1, '2023-03-17 03:42:08', 1),
(584, '::1', 'tamara@gmail.com', 2, '2023-03-17 03:44:00', 1),
(585, '::1', 'dhiva@gmail.com', 1, '2023-03-17 03:59:05', 1),
(586, '::1', 'tamara@gmail.com', 2, '2023-03-17 04:15:51', 1),
(587, '::1', 'dhiva@gmail.com', 1, '2023-03-17 04:34:02', 1),
(588, '::1', 'tamara@gmail.com', 2, '2023-03-17 04:39:00', 1),
(589, '::1', 'dhiva@gmail.com', 1, '2023-03-17 04:39:18', 1),
(590, '::1', 'tamara@gmail.com', 2, '2023-03-17 04:47:32', 1),
(591, '::1', 'dhiva@gmail.com', 1, '2023-03-17 04:49:39', 1),
(592, '::1', 'tamara@gmail.com', 2, '2023-03-17 05:44:57', 1),
(593, '::1', 'dhiva@gmail.com', 1, '2023-03-17 05:46:27', 1),
(594, '::1', 'dhiva@gmail.com', 1, '2023-03-19 11:24:54', 1),
(595, '::1', '2024', NULL, '2023-03-19 11:25:18', 0),
(596, '::1', '2024', NULL, '2023-03-19 11:25:27', 0),
(597, '::1', 'dhiva@gmail.com', 1, '2023-03-19 11:27:12', 1),
(598, '::1', 'dhiva@gmail.com', 1, '2023-03-19 11:36:34', 1),
(599, '::1', '150800392', NULL, '2023-03-19 11:41:12', 0),
(600, '::1', 'dhiva@gmail.com', 1, '2023-03-19 11:49:29', 1),
(601, '::1', '151200906130200038', NULL, '2023-03-19 11:53:25', 0),
(602, '::1', '2023', NULL, '2023-03-19 12:02:07', 0),
(603, '::1', 'admin@gmail.com', 4, '2023-03-19 12:02:11', 1),
(604, '::1', 'admin@gmail.com', 4, '2023-03-19 12:02:41', 1),
(605, '::1', '2024', NULL, '2023-03-19 12:04:58', 0),
(606, '::1', 'admin@gmail.com', 4, '2023-03-19 12:05:08', 1),
(607, '::1', 'admin@gmail.com', 4, '2023-03-19 12:24:39', 1),
(608, '::1', '2024', NULL, '2023-03-19 12:41:12', 0),
(609, '::1', '2023', NULL, '2023-03-19 12:41:17', 0),
(610, '::1', 'admin@gmail.com', 4, '2023-03-19 12:41:21', 1),
(611, '::1', 'admin@gmail.com', 4, '2023-03-19 12:42:12', 1),
(612, '::1', '2024', NULL, '2023-03-19 12:42:18', 0),
(613, '::1', 'admin@gmail.com', 4, '2023-03-19 12:42:20', 1),
(614, '::1', '2024', NULL, '2023-03-19 12:46:11', 0),
(615, '::1', 'admin@gmail.com', 4, '2023-03-19 12:46:23', 1),
(616, '::1', 'dhiva@gmail.com', 1, '2023-03-19 13:29:42', 1),
(617, '::1', '2020', NULL, '2023-03-19 14:19:10', 0),
(618, '::1', 'dhiva@gmail.com', 1, '2023-03-19 14:19:22', 1),
(619, '::1', 'admin@gmail.com', 4, '2023-03-19 14:21:28', 1),
(620, '::1', 'dhiva@gmail.com', 1, '2023-03-19 14:46:19', 1),
(621, '::1', 'dhiva@gmail.com', 1, '2023-03-19 14:49:14', 1),
(622, '::1', 'dhiva@gmail.com', 1, '2023-03-19 15:37:24', 1),
(623, '::1', 'admin@gmail.com', 4, '2023-03-19 15:37:34', 1),
(624, '::1', 'dhiva@gmail.com', 1, '2023-03-20 01:06:31', 1),
(625, '::1', 'admin@gmail.com', 4, '2023-03-20 01:08:17', 1),
(626, '::1', 'dhiva@gmail.com', 1, '2023-03-20 01:16:59', 1),
(627, '::1', 'admin@gmail.com', 4, '2023-03-20 01:19:33', 1),
(628, '::1', 'dhiva@gmail.com', 1, '2023-03-20 01:22:37', 1),
(629, '::1', 'dhiva@gmail.com', 1, '2023-03-20 09:06:12', 1),
(630, '::1', 'admin@gmail.com', 4, '2023-03-20 09:07:56', 1),
(631, '::1', 'dhiva@gmail.com', 1, '2023-03-20 15:30:30', 1),
(632, '::1', 'admin@gmail.com', 4, '2023-03-20 15:33:46', 1),
(633, '::1', '211102446', NULL, '2023-03-20 15:34:09', 0),
(634, '::1', 'admin@gmail.com', 4, '2023-03-20 15:41:58', 1),
(635, '::1', '150800392', NULL, '2023-03-20 16:01:34', 0),
(636, '::1', 'admin@gmail.com', 4, '2023-03-20 16:03:31', 1),
(637, '::1', 'dhiva@gmail.com', 1, '2023-03-20 20:25:18', 1),
(638, '::1', 'dhiva@gmail.com', 1, '2023-03-21 04:36:13', 1),
(639, '::1', 'admin@gmail.com', 4, '2023-03-21 04:43:49', 1),
(640, '::1', 'dhiva@gmail.com', 1, '2023-03-21 05:00:04', 1),
(641, '::1', 'admin@gmail.com', 4, '2023-03-21 07:35:08', 1),
(642, '::1', 'admin@gmail.com', 4, '2023-03-21 07:35:51', 1),
(643, '::1', 'dhiva@gmail.com', 1, '2023-03-21 07:36:03', 1),
(644, '::1', 'tamara@gmail.com', 2, '2023-03-21 09:28:37', 1),
(645, '::1', 'dhiva@gmail.com', 1, '2023-03-21 09:29:38', 1),
(646, '::1', 'tamara@gmail.com', 2, '2023-03-21 09:35:15', 1),
(647, '::1', 'dhiva@gmail.com', 1, '2023-03-21 09:35:27', 1),
(648, '::1', 'tamara@gmail.com', 2, '2023-03-21 10:11:29', 1),
(649, '::1', 'dhiva@gmail.com', 1, '2023-03-21 10:11:48', 1),
(650, '::1', 'tamara@gmail.com', 2, '2023-03-21 10:12:20', 1),
(651, '::1', 'dhiva@gmail.com', 1, '2023-03-21 10:12:57', 1),
(652, '::1', 'tamara@gmail.com', 2, '2023-03-21 10:17:21', 1),
(653, '::1', 'dhiva@gmail.com', 1, '2023-03-21 10:32:51', 1),
(654, '::1', 'dhiva@gmail.com', 1, '2023-03-21 10:43:11', 1),
(655, '::1', 'dhiva@gmail.com', 1, '2023-03-21 10:44:26', 1),
(656, '::1', 'tamara@gmail.com', 2, '2023-03-21 10:44:35', 1),
(657, '::1', 'dhiva@gmail.com', 1, '2023-03-21 10:45:05', 1),
(658, '::1', 'tamara@gmail.com', 2, '2023-03-21 10:48:29', 1),
(659, '::1', 'dhiva@gmail.com', 1, '2023-03-21 10:48:53', 1),
(660, '::1', 'tamara@gmail.com', 2, '2023-03-21 10:52:44', 1),
(661, '::1', 'dhiva@gmail.com', 1, '2023-03-21 10:53:01', 1),
(662, '::1', 'tamara@gmail.com', 2, '2023-03-21 10:53:42', 1),
(663, '::1', 'ramenramen@gmail.com', 3, '2023-03-21 11:00:44', 1),
(664, '::1', 'dhiva@gmail.com', 1, '2023-03-21 11:02:51', 1),
(665, '::1', 'dhiva@gmail.com', 1, '2023-03-21 11:03:28', 1),
(666, '::1', 'ramenramen@gmail.com', 3, '2023-03-21 11:03:37', 1),
(667, '::1', 'dhiva@gmail.com', 1, '2023-03-21 11:04:29', 1),
(668, '::1', 'admin@gmail.com', 4, '2023-03-21 13:35:20', 1),
(669, '::1', 'dhiva@gmail.com', 1, '2023-03-21 14:09:03', 1),
(670, '::1', 'ramenramen@gmail.com', 3, '2023-03-21 14:13:21', 1),
(671, '::1', 'tamara@gmail.com', 2, '2023-03-21 14:30:20', 1),
(672, '::1', 'dhiva@gmail.com', 1, '2023-03-21 14:39:35', 1),
(673, '::1', 'dhiva@gmail.com', 1, '2023-03-23 03:17:27', 1),
(674, '::1', 'tamara@gmail.com', 2, '2023-03-23 03:17:36', 1),
(675, '::1', 'dhiva@gmail.com', 1, '2023-03-23 03:17:58', 1),
(676, '::1', 'tamara@gmail.com', 2, '2023-03-23 03:37:03', 1),
(677, '::1', 'dhiva@gmail.com', 1, '2023-03-23 03:37:23', 1),
(678, '::1', 'dhiva@gmail.com', 1, '2023-03-23 04:01:12', 1),
(679, '::1', 'admin@gmail.com', 4, '2023-03-23 04:03:53', 1),
(680, '::1', 'ramenramen@gmail.com', 3, '2023-03-23 04:03:58', 1),
(681, '::1', 'dhiva@gmail.com', 1, '2023-03-23 04:37:12', 1),
(682, '::1', '2024', NULL, '2023-03-23 04:37:20', 0),
(683, '::1', 'admin@gmail.com', 4, '2023-03-23 04:37:23', 1),
(684, '::1', 'ramenramen@gmail.com', 3, '2023-03-23 04:37:33', 1),
(685, '::1', 'dhiva@gmail.com', 1, '2023-03-23 07:36:58', 1),
(686, '::1', 'ramenramen@gmail.com', 3, '2023-03-23 07:37:17', 1),
(687, '::1', 'dhiva@gmail.com', 1, '2023-03-23 09:17:46', 1),
(688, '::1', 'dhiva@gmail.com', 1, '2023-03-23 14:46:28', 1),
(689, '::1', 'ramenramen@gmail.com', 3, '2023-03-23 14:46:38', 1),
(690, '::1', '150700361', NULL, '2023-03-23 15:50:02', 0),
(691, '::1', 'admin@gmail.com', 4, '2023-03-23 15:51:26', 1),
(692, '::1', 'ramenramen@gmail.com', 3, '2023-03-23 15:51:31', 1),
(693, '::1', 'ramenramen@gmail.com', 3, '2023-03-23 15:55:32', 1),
(694, '::1', 'ramenramen@gmail.com', 3, '2023-03-23 16:02:57', 1),
(695, '::1', 'dhiva@gmail.com', 1, '2023-03-23 16:06:36', 1),
(696, '::1', 'ramenramen@gmail.com', 3, '2023-03-23 16:20:02', 1),
(697, '::1', 'dhiva@gmail.com', 1, '2023-03-23 16:50:16', 1),
(698, '::1', 'ramenramen@gmail.com', 3, '2023-03-23 16:52:04', 1),
(699, '::1', 'dhiva@gmail.com', 1, '2023-03-23 17:05:10', 1),
(700, '::1', 'dhiva@gmail.com', 1, '2023-03-24 03:43:39', 1),
(701, '::1', 'admin@gmail.com', 4, '2023-03-24 04:07:45', 1),
(702, '::1', 'admin@gmail.com', 4, '2023-03-24 04:25:30', 1),
(703, '::1', 'admin@gmail.com', 4, '2023-03-24 04:26:08', 1),
(704, '::1', 'dhiva@gmail.com', 1, '2023-03-24 04:57:15', 1),
(705, '::1', 'dhiva@gmail.com', 1, '2023-03-24 07:57:05', 1),
(706, '::1', 'dhiva@gmail.com', 1, '2023-03-24 08:05:44', 1),
(707, '::1', 'dhiva@gmail.com', 1, '2023-03-24 08:09:52', 1),
(708, '::1', 'dhiva@gmail.com', 1, '2023-03-24 08:11:11', 1),
(709, '::1', 'dhiva@gmail.com', 1, '2023-03-24 08:21:43', 1),
(710, '::1', 'dhiva@gmail.com', 1, '2023-03-24 13:26:11', 1),
(711, '::1', 'dhiva@gmail.com', 1, '2023-03-25 07:38:30', 1),
(712, '::1', 'dhiva@gmail.com', 1, '2023-03-25 14:01:40', 1),
(713, '::1', 'dhiva@gmail.com', 1, '2023-03-25 14:05:21', 1),
(714, '::1', 'dhiva@gmail.com', 1, '2023-03-25 14:30:23', 1),
(715, '::1', 'dhiva@gmail.com', 1, '2023-03-25 14:30:44', 1),
(716, '::1', 'dhiva@gmail.com', 1, '2023-03-25 14:31:16', 1),
(717, '::1', 'tamara@gmail.com', 2, '2023-03-25 14:35:34', 1),
(718, '::1', 'dhiva@gmail.com', 1, '2023-03-25 16:36:48', 1),
(719, '::1', 'tamara@gmail.com', 2, '2023-03-25 16:57:30', 1),
(720, '::1', 'dhiva@gmail.com', 1, '2023-03-25 16:57:56', 1),
(721, '::1', 'dhiva@gmail.com', 1, '2023-03-26 03:54:19', 1),
(722, '::1', 'dhiva@gmail.com', 1, '2023-03-26 05:55:27', 1),
(723, '::1', 'tamara@gmail.com', 2, '2023-03-26 06:38:23', 1),
(724, '::1', 'dhiva@gmail.com', 1, '2023-03-26 06:39:50', 1),
(725, '::1', 'dhiva@gmail.com', 1, '2023-03-26 12:18:04', 1),
(726, '::1', 'tamara@gmail.com', 2, '2023-03-26 13:47:35', 1),
(727, '::1', 'dhiva@gmail.com', 1, '2023-03-26 13:48:18', 1),
(728, '::1', 'tamara@gmail.com', 2, '2023-03-26 13:52:40', 1),
(729, '::1', 'dhiva@gmail.com', 1, '2023-03-26 13:54:33', 1),
(730, '::1', 'tamara@gmail.com', 2, '2023-03-26 13:57:44', 1),
(731, '::1', 'dhiva@gmail.com', 1, '2023-03-26 14:23:09', 1),
(732, '::1', 'tamara@gmail.com', 2, '2023-03-26 14:28:24', 1),
(733, '::1', 'dhiva@gmail.com', 1, '2023-03-26 14:30:23', 1),
(734, '::1', '2020\\1', NULL, '2023-03-26 14:30:43', 0),
(735, '::1', 'tamara@gmail.com', 2, '2023-03-26 14:30:45', 1),
(736, '::1', 'tamara@gmail.com', 2, '2023-03-26 14:30:56', 1),
(737, '::1', 'dhiva@gmail.com', 1, '2023-03-26 14:31:11', 1),
(738, '::1', 'tamara@gmail.com', 2, '2023-03-26 14:32:02', 1),
(739, '::1', 'dhiva@gmail.com', 1, '2023-03-26 14:33:29', 1),
(740, '::1', 'dhiva@gmail.com', 1, '2023-03-27 00:41:55', 1),
(741, '::1', 'dhiva@gmail.com', 1, '2023-03-28 04:49:45', 1),
(742, '::1', 'tamara@gmail.com', 2, '2023-03-28 07:16:59', 1),
(743, '::1', 'tamara@gmail.com', 2, '2023-03-28 07:54:29', 1),
(744, '::1', 'dhiva@gmail.com', 1, '2023-03-28 07:57:02', 1),
(745, '::1', 'dhiva@gmail.com', 1, '2023-03-28 10:50:00', 1),
(746, '::1', 'dhiva@gmail.com', 1, '2023-03-29 06:09:34', 1),
(747, '::1', 'dhiva@gmail.com', 1, '2023-03-29 06:29:34', 1),
(748, '::1', 'dhiva@gmail.com', 1, '2023-03-29 09:07:15', 1),
(749, '::1', 'dhiva@gmail.com', 1, '2023-04-13 01:07:34', 1),
(750, '::1', 'dhiva@gmail.com', 1, '2023-04-13 01:09:57', 1),
(751, '::1', '2020', NULL, '2023-04-17 08:25:22', 0),
(752, '::1', '2020', NULL, '2023-04-17 08:25:28', 0),
(753, '::1', '2020', NULL, '2023-04-17 08:25:35', 0),
(754, '::1', '2020', NULL, '2023-04-17 13:09:56', 0),
(755, '::1', '2020', NULL, '2023-04-17 13:09:59', 0),
(756, '::1', '2020', NULL, '2023-04-17 13:10:06', 0),
(757, '::1', '2020', NULL, '2023-04-22 12:28:26', 0),
(758, '::1', '56572111', NULL, '2023-05-08 03:01:01', 0);

-- --------------------------------------------------------

--
-- Struktur dari tabel `auth_permissions`
--

CREATE TABLE `auth_permissions` (
  `id` int(11) UNSIGNED NOT NULL,
  `name` varchar(255) NOT NULL,
  `description` varchar(255) NOT NULL
) ENGINE=InnoDB DEFAULT CHARSET=utf8 COLLATE=utf8_general_ci;

--
-- Dumping data untuk tabel `auth_permissions`
--

INSERT INTO `auth_permissions` (`id`, `name`, `description`) VALUES
(1, 'manage-users', 'Manage All Users'),
(2, 'manage-profile', 'Manage User\'s Profile'),
(3, 'approver', 'Approver OPL');

-- --------------------------------------------------------

--
-- Struktur dari tabel `auth_reset_attempts`
--

CREATE TABLE `auth_reset_attempts` (
  `id` int(11) UNSIGNED NOT NULL,
  `email` varchar(255) NOT NULL,
  `ip_address` varchar(255) NOT NULL,
  `user_agent` varchar(255) NOT NULL,
  `token` varchar(255) DEFAULT NULL,
  `created_at` datetime NOT NULL
) ENGINE=InnoDB DEFAULT CHARSET=utf8 COLLATE=utf8_general_ci;

--
-- Dumping data untuk tabel `auth_reset_attempts`
--

INSERT INTO `auth_reset_attempts` (`id`, `email`, `ip_address`, `user_agent`, `token`, `created_at`) VALUES
(1, '', '::1', 'Mozilla/5.0 (Windows NT 10.0; Win64; x64) AppleWebKit/537.36 (KHTML, like Gecko) Chrome/110.0.0.0 Safari/537.36', '', '2023-02-17 12:56:28');

-- --------------------------------------------------------

--
-- Struktur dari tabel `auth_tokens`
--

CREATE TABLE `auth_tokens` (
  `id` int(11) UNSIGNED NOT NULL,
  `selector` varchar(255) NOT NULL,
  `hashedValidator` varchar(255) NOT NULL,
  `user_id` int(11) UNSIGNED NOT NULL,
  `expires` datetime NOT NULL
) ENGINE=InnoDB DEFAULT CHARSET=utf8 COLLATE=utf8_general_ci;

-- --------------------------------------------------------

--
-- Struktur dari tabel `auth_users_permissions`
--

CREATE TABLE `auth_users_permissions` (
  `user_id` int(11) UNSIGNED NOT NULL DEFAULT 0,
  `permission_id` int(11) UNSIGNED NOT NULL DEFAULT 0
) ENGINE=InnoDB DEFAULT CHARSET=utf8 COLLATE=utf8_general_ci;

-- --------------------------------------------------------

--
-- Struktur dari tabel `distribusi`
--

CREATE TABLE `distribusi` (
  `id` int(11) NOT NULL,
  `nama_distribusi` varchar(30) NOT NULL,
  `singkatan` varchar(10) NOT NULL
) ENGINE=InnoDB DEFAULT CHARSET=utf8mb4 COLLATE=utf8mb4_general_ci;

--
-- Dumping data untuk tabel `distribusi`
--

INSERT INTO `distribusi` (`id`, `nama_distribusi`, `singkatan`) VALUES
(1, 'ENGINEERING', 'ENG'),
(2, 'GUDANG BAHAN&WADAH', 'LOG'),
(3, 'GUDANG KEMAS', 'LOG'),
(4, 'GUDANG PRODUK', 'LOG'),
(5, 'GUDANG TIMBANG', 'LOG'),
(6, 'MC 1', 'MCPROD1'),
(7, 'MC 2', 'MCPROD2'),
(8, 'MC 3', 'MCPROD3'),
(9, 'MC 4', 'MCPROD4'),
(10, 'LOGISTIK', 'LOG'),
(11, 'LINE 6', 'LINE6'),
(12, 'LINE 7', 'LINE7'),
(13, 'LINE 8A', 'LINE8A'),
(14, 'LINE 8B', 'LINE8B'),
(15, 'LINE 10', 'LINE10'),
(16, 'LINE 11', 'LINE11'),
(17, 'LINE 12', 'LINE12'),
(18, 'LINE 13', 'LINE13'),
(19, 'LINE 14', 'LINE14'),
(20, 'MSTD', 'MSTD'),
(21, 'PGA', 'PGA'),
(22, 'HCO', 'HCO'),
(23, 'PPIC', 'PPIC'),
(24, 'QA', 'QA'),
(25, 'QC', 'QC'),
(26, 'QS', 'QS'),
(27, 'R&D', 'R&D'),
(28, 'TECH. DEVELOPMENT', 'TECHDEV'),
(29, 'TECH. SERVICE', 'TECHSVC'),
(30, 'TECH. SUPPORT', 'TECHSUP'),
(31, 'FA-TAX', 'FA.TAX'),
(32, 'GSC', 'GSC'),
(33, 'KLC', 'KLC'),
(34, 'PURCHASING', 'PURC'),
(35, 'SEMUA', 'ALL');

-- --------------------------------------------------------

--
-- Struktur dari tabel `foto_qcp`
--

CREATE TABLE `foto_qcp` (
  `id` int(11) NOT NULL,
  `id_kategori` int(11) NOT NULL,
  `id_qcp` int(11) NOT NULL,
  `pembuat` int(11) NOT NULL,
  `nama_foto` varchar(255) NOT NULL,
  `keterangan` varchar(255) NOT NULL,
  `created_at` datetime DEFAULT NULL,
  `updated_at` datetime DEFAULT NULL
) ENGINE=InnoDB DEFAULT CHARSET=utf8mb4 COLLATE=utf8mb4_general_ci;

--
-- Dumping data untuk tabel `foto_qcp`
--

INSERT INTO `foto_qcp` (`id`, `id_kategori`, `id_qcp`, `pembuat`, `nama_foto`, `keterangan`, `created_at`, `updated_at`) VALUES
(1, 1, 32, 1, 'Lampu Izam 1_11.png', '', '2023-03-28 12:56:04', '2023-03-28 12:56:04'),
(2, 1, 33, 1, 'Lampu Izam 1_12.png', 'ini foto solusi', '2023-03-28 12:57:20', '2023-03-28 12:57:20'),
(3, 1, 33, 1, 'S__2318366.jpg', 'ini foto sesudah', '2023-03-28 12:57:20', '2023-03-28 12:57:20'),
(4, 1, 34, 1, '2022_08_15_15_47_IMG_1273.JPG', 'ini foto sesudah', '2023-03-28 13:01:25', '2023-03-28 13:01:25'),
(5, 1, 34, 1, 'Lampu Izam 2_7.png', 'ini foto sesudah', '2023-03-28 13:01:25', '2023-03-28 13:01:25'),
(6, 1, 64, 1, 'Pig Ur Patty!.png', 'Burger ayam', '2023-04-13 01:44:25', '2023-04-13 01:44:25'),
(7, 1, 65, 1, 'Pig Ur Patty2.png', 'Ini tes lagi sumpah', '2023-04-13 01:49:19', '2023-04-13 01:49:19');

-- --------------------------------------------------------

--
-- Struktur dari tabel `kategori`
--

CREATE TABLE `kategori` (
  `id` int(11) NOT NULL,
  `nama_kategori` varchar(30) NOT NULL
) ENGINE=InnoDB DEFAULT CHARSET=utf8mb4 COLLATE=utf8mb4_general_ci;

--
-- Dumping data untuk tabel `kategori`
--

INSERT INTO `kategori` (`id`, `nama_kategori`) VALUES
(1, 'Building'),
(2, 'Facility'),
(3, 'Utility'),
(4, 'Others');

-- --------------------------------------------------------

--
-- Struktur dari tabel `mesin`
--

CREATE TABLE `mesin` (
  `id` int(11) NOT NULL,
  `nama_mesin` varchar(100) NOT NULL,
  `create_by` varchar(30) NOT NULL,
  `created_at` datetime DEFAULT NULL,
  `update_by` varchar(30) NOT NULL,
  `updated_at` datetime DEFAULT NULL
) ENGINE=InnoDB DEFAULT CHARSET=utf8mb4 COLLATE=utf8mb4_general_ci;

--
-- Dumping data untuk tabel `mesin`
--

INSERT INTO `mesin` (`id`, `nama_mesin`, `create_by`, `created_at`, `update_by`, `updated_at`) VALUES
(1, 'NA', '0', '2021-10-25 08:28:51', '0', '2021-10-25 08:28:51'),
(2, 'M0105 B1880 01 ( M Blistering Uhlmann B1880 SN:350 ) ', '0', '2021-10-25 08:28:56', '0', '2021-10-25 08:28:56'),
(3, 'M0105 UPS1070 ( M Uhlmann UPS-1070-MTK/314 ) ', '0', '2021-10-25 08:28:56', '0', '2021-10-25 08:28:56'),
(4, 'M1105 IMAC80HS ( M Blistering IMA SAFE C80HS S/N: BB4C30 ) ', '0', '2021-10-25 08:28:56', '0', '2021-10-25 08:28:56'),
(5, 'M0105 C2404 ( M Cartoning Uhlmann C2404 ) ', '0', '2021-10-25 08:28:56', '0', '2021-10-25 08:28:56'),
(6, 'M0105 C2504 01 ( M Cartoning Uhlmann C2504 SN:403 ) ', '0', '2021-10-25 08:28:56', '0', '2021-10-25 08:28:56'),
(7, 'M0105 E4040 ( M Casepacker Uhlmann E4040 ) ', '0', '2021-10-25 08:28:56', '0', '2021-10-25 08:28:56'),
(8, 'M1105 IMA CP18 ( M Casepaker IMA BFB CP18 S/N: 7115 ) ', '0', '2021-10-25 08:28:56', '0', '2021-10-25 08:28:56'),
(9, 'M1105 IMAA86 ( M Cartoning IMA SAFE A86 S/N: BB4C30 ) ', '0', '2021-10-25 08:28:56', '0', '2021-10-25 08:28:56'),
(10, 'M0101 DFX1200 01 ( M Drying Niro Sirocco DFX 1200 S/N 14505.0010 ) ', '0', '2021-10-25 08:28:56', '0', '2021-10-25 08:28:56'),
(11, 'M0101 HD400 01 ( M FBD Huttlin HD 400 SN:D.1000130.02 ) ', '0', '2021-10-25 08:28:56', '0', '2021-10-25 08:28:56'),
(12, 'M0101 Niro T6 ( M Drying Niro T6 ) ', '0', '2021-10-25 08:28:56', '0', '2021-10-25 08:28:56'),
(13, 'M1101 HTG800 01 ( M Mesin Granulator Huttlin HTG 800 ) ', '0', '2021-10-25 08:28:56', '0', '2021-10-25 08:28:56'),
(14, 'M0101 Diosna 1 ( M Granulator Diosna P 400 ) ', '0', '2021-10-25 08:28:56', '0', '2021-10-25 08:28:56'),
(15, 'M0101 Diosna 2 ( M Granulator Diosna Type P-400 S/N 292 - 039 ) ', '0', '2021-10-25 08:28:56', '0', '2021-10-25 08:28:56'),
(16, 'M0101 MXTK 003 ( M Mixing Silverson 450 L5 ) ', '0', '2021-10-25 08:28:56', '0', '2021-10-25 08:28:56'),
(17, 'M0101 MXTK 005 ( M TurboMixer Silverson 300 LS S/N 450LSM3114 ) ', '0', '2021-10-25 08:28:56', '0', '2021-10-25 08:28:56'),
(18, 'M0101 MXTK 001 ( M Mixing Silverson 100  ) ', '0', '2021-10-25 08:28:56', '0', '2021-10-25 08:28:56'),
(19, 'M0105 E3060 ( M Wrapping Uhlmann E3060 / 2 ) ', '0', '2021-10-25 08:28:56', '0', '2021-10-25 08:28:56'),
(20, 'M0105 E3060 02 ( M Wrapper Uhlmann E3060 SN:129 ) ', '0', '2021-10-25 08:28:56', '0', '2021-10-25 08:28:56'),
(21, 'M1105 IMA AF60AM ( M Over Wrapper IMA BFB AF60AM S/N:7133 ) ', '0', '2021-10-25 08:28:56', '0', '2021-10-25 08:28:56'),
(22, 'M0105 P5020 ( M Palletizer Uhlmann P5020 ) ', '0', '2021-10-25 08:28:56', '0', '2021-10-25 08:28:56'),
(23, 'M0101 Quadro 1 ( M Quadrocomill ) ', '0', '2021-10-25 08:28:56', '0', '2021-10-25 08:28:56'),
(24, 'M0102 Fette ( M Tabletting Fette P3100 ) ', '0', '2021-10-25 08:28:56', '0', '2021-10-25 08:28:56'),
(25, 'M0102 Fette 01 ( M Tableting Fette P3200i S/N 290950 ) ', '0', '2021-10-25 08:28:56', '0', '2021-10-25 08:28:56'),
(26, 'M0102 Fette 02 ( M Tableting Fette P3200i S/N 290951 ) ', '0', '2021-10-25 08:28:56', '0', '2021-10-25 08:28:56'),
(27, 'M0102 Manesty 01 ( M Tableting Manesty Xpress 700 SN:XP749 ) ', '0', '2021-10-25 08:28:56', '0', '2021-10-25 08:28:56'),
(28, 'M0101 Canguro 01 ( M Tumbler Canguro 1200B SN:ZCM001 ) ', '0', '2021-10-25 08:28:56', '0', '2021-10-25 08:28:56'),
(29, 'M0101 Zanchetta ( M Mixing Zanchetta 2000 FS ) ', '0', '2021-10-25 08:28:56', '0', '2021-10-25 08:28:56'),
(30, 'M0101 MXTK 001 ( M Mixing Tank 100 ) ', '0', '2021-10-25 08:28:56', '0', '2021-10-25 08:28:56'),
(31, 'M0205 UPS1060 ( M Uhlmann UPS-1060/115 ) ', '0', '2021-10-25 08:28:56', '0', '2021-10-25 08:28:56'),
(32, 'M0205 C2205 ( M Cartoning Uhlmann C2205 ) ', '0', '2021-10-25 08:28:56', '0', '2021-10-25 08:28:56'),
(33, 'M0201 Sirocco 2 ( M Drying Niro Sirocco Dfx 400 - B3 - F1/2 - Satin (2) ) ', '0', '2021-10-25 08:28:56', '0', '2021-10-25 08:28:56'),
(34, 'M0201 Yenchen SM ( M Granulator Yenchen SMG- 250 ) ', '0', '2021-10-25 08:28:56', '0', '2021-10-25 08:28:56'),
(35, 'M0205 E3060 ( M Wrapping Uhlmann E3060 ) ', '0', '2021-10-25 08:28:56', '0', '2021-10-25 08:28:56'),
(36, 'M0201 Quadro 01 ( M Quadrocomil U-20 SN:U20-1030 ) ', '0', '2021-10-25 08:28:56', '0', '2021-10-25 08:28:56'),
(37, 'M0201 YC-FM7 ( M Yenchen Fitzmill YC-FM-7 ) ', '0', '2021-10-25 08:28:56', '0', '2021-10-25 08:28:56'),
(38, 'M0205 HS 40/3 ( M Stripping Uhlmann HS 40/3 ) ', '0', '2021-10-25 08:28:56', '0', '2021-10-25 08:28:56'),
(39, 'M0202 JCMCO 5 ( M Tableting JCMCO JC-DSH-43 ) ', '0', '2021-10-25 08:28:56', '0', '2021-10-25 08:28:56'),
(40, 'M0301 MXTK 002 ( M Mixing Turbo Mixer OPE ) ', '0', '2021-10-25 08:28:56', '0', '2021-10-25 08:28:56'),
(41, 'M0205 B1330 01 ( M Blistering Uhlmann B1330 SN:204 ) ', '0', '2021-10-25 08:28:56', '0', '2021-10-25 08:28:56'),
(42, 'M0205 CP-8 ( M Klockner CP-8 ) ', '0', '2021-10-25 08:28:56', '0', '2021-10-25 08:28:56'),
(43, 'M0405 UPS1070/2 ( M Uhlmann UPS-1070-MTI/151 ) ', '0', '2021-10-25 08:28:56', '0', '2021-10-25 08:28:56'),
(44, 'M0405 C-114/2 ( M Packing Uhlmann C 114 ) ', '0', '2021-10-25 08:34:40', '0', '2021-10-25 08:34:40'),
(45, 'M0204 Driam 1600 ( M Coating Driam 1600/1.25 ) ', '0', '2021-10-25 08:34:40', '0', '2021-10-25 08:34:40'),
(46, 'M0304 XL750 01 ( M Coating XL 750 SN: D.1000490.01 ) ', '0', '2021-10-25 08:34:40', '0', '2021-10-25 08:34:40'),
(47, 'M0201 Sirocco 1 ( M Drying Niro Sirocco Dfx 400 - B3 - F1/2 - Satin (1) ) ', '0', '2021-10-25 08:34:40', '0', '2021-10-25 08:34:40'),
(48, 'M0201 CDML 001 ( M Mixing Pharmeq Colloid Mill 1500 ) ', '0', '2021-10-25 08:34:40', '0', '2021-10-25 08:34:40'),
(49, 'M0201 MXTK 002 ( M Mixing Turbo Mixer 2750 ) ', '0', '2021-10-25 08:34:40', '0', '2021-10-25 08:34:40'),
(50, 'M0201 MXTK 003 ( M Mixing Homo Mixer 800 ) ', '0', '2021-10-25 08:34:40', '0', '2021-10-25 08:34:40'),
(51, 'M0201 MXTK 007 ( M Mixing Turbo Mixer 2830 ) ', '0', '2021-10-25 08:34:40', '0', '2021-10-25 08:34:40'),
(52, 'M0301 Diosna 1 ( M Granulator Diosna P 400 ) ', '0', '2021-10-25 08:34:40', '0', '2021-10-25 08:34:40'),
(53, 'M0201 Quadro 02 ( M Quadrocomil U-20 SN:U20-1248 ) ', '0', '2021-10-25 08:34:40', '0', '2021-10-25 08:34:40'),
(54, 'M0205 HM1/290 ( M Stripping Siebler HM 1/290 ) ', '0', '2021-10-25 08:34:40', '0', '2021-10-25 08:34:40'),
(55, 'M0202 JCMCO 1 ( M Tableting JCMCO JC-DSH-39DB/1 ) ', '0', '2021-10-25 08:34:40', '0', '2021-10-25 08:34:40'),
(56, 'M0202 JCMCO 2 ( M Tableting JCMCO JC-DSH-39DB/2 ) ', '0', '2021-10-25 08:34:40', '0', '2021-10-25 08:34:40'),
(57, 'M0202 JCMCO 4 ( M Tableting JCMCO JC-DSH-31DB/3 ) ', '0', '2021-10-25 08:34:40', '0', '2021-10-25 08:34:40'),
(58, 'M0201 Zanchetta ( M Mixing Zanchetta 2000FS ) ', '0', '2021-10-25 08:34:40', '0', '2021-10-25 08:34:40'),
(59, 'M0405 UPS1070/1 ( M Uhlmann UPS-1070-MTI/138 ) ', '0', '2021-10-25 08:34:40', '0', '2021-10-25 08:34:40'),
(60, 'M0405 C-114/1 ( M Packing Uhlmann C 114 ) ', '0', '2021-10-25 08:34:40', '0', '2021-10-25 08:34:40'),
(61, 'M0401 Sirocco 3 ( M Drying Niro Sirocco DFI 800 (3) ) ', '0', '2021-10-25 08:34:40', '0', '2021-10-25 08:34:40'),
(62, 'M0401 Diosna ( M Granulator Diosna P 400 ) ', '0', '2021-10-25 08:34:40', '0', '2021-10-25 08:34:40'),
(63, 'M0405 CM 5 ( M Kafting Siebler CM 5 ) ', '0', '2021-10-25 08:34:40', '0', '2021-10-25 08:34:40'),
(64, 'M0405 CM 6 ( M Catch Cover Siebler 13 SN:4610027 (CC 27) ) ', '0', '2021-10-25 08:34:40', '0', '2021-10-25 08:34:40'),
(65, 'M0405 HM1/500 ( M Stripping Siebler HM 1/500 ) ', '0', '2021-10-25 08:34:40', '0', '2021-10-25 08:34:40'),
(66, 'M0402 JCMCO 02 ( M Tablet Press JCMCO JC-DSH-39DB SN:13-188 ) ', '0', '2021-10-25 08:34:43', '0', '2021-10-25 08:34:43'),
(67, 'M0402 JCMCO 1 ( M Tabletting JCMCO JC-DDH-31D / 2 ) ', '0', '2021-10-25 08:34:43', '0', '2021-10-25 08:34:43'),
(68, 'M0401 Zanchetta ( M Mixing Zanchetta 2000FS ) ', '0', '2021-10-25 08:34:43', '0', '2021-10-25 08:34:43'),
(69, 'M0402 JCMCO 3 ( JCMCO JC-GSH-55DB ) ', '0', '2021-10-25 08:34:43', '0', '2021-10-25 08:34:43'),
(70, 'M0401 MXTK 002 ( Mixing Tank ) ', '0', '2021-10-25 08:34:43', '0', '2021-10-25 08:34:43'),
(71, 'M0401 U20 01 ( Quadrocomill U20 ) ', '0', '2021-10-25 08:34:43', '0', '2021-10-25 08:34:43'),
(72, 'M0501 CDML 001 ( M Mixing Rimex Colloid Mill HMG ) ', '0', '2021-10-25 08:34:43', '0', '2021-10-25 08:34:43'),
(73, 'M0501 MXTK 002 ( M Mixing Turbomixer 2981 ) ', '0', '2021-10-25 08:34:43', '0', '2021-10-25 08:34:43'),
(74, 'M0501 MXTK 003 ( M Mixing Turbomixer 965 ) ', '0', '2021-10-25 08:34:43', '0', '2021-10-25 08:34:43'),
(75, 'M0501 MXTK 004 ( M Mixing Turbomixer 2986 ) ', '0', '2021-10-25 08:34:43', '0', '2021-10-25 08:34:43'),
(76, 'M0501 MXTK 005 ( M Mixing Indolaval Homomixer MT 1200 ) ', '0', '2021-10-25 08:34:43', '0', '2021-10-25 08:34:43'),
(77, 'M0501 MXTK 006 ( M Mixing KAT Turbomixer 2800 ) ', '0', '2021-10-25 08:34:45', '0', '2021-10-25 08:34:45'),
(78, 'M0501 MXTK 007 ( M Mixing KAT Turbomixer 900 ) ', '0', '2021-10-25 08:34:45', '0', '2021-10-25 08:34:45'),
(79, 'M0501 MXTK 008 ( M Mixing Tank Danisha 600 l ) ', '0', '2021-10-25 08:34:45', '0', '2021-10-25 08:34:45'),
(80, 'M0501 MXTK 009 ( M Mixing Agru Turbomixer ) ', '0', '2021-10-25 08:34:45', '0', '2021-10-25 08:34:45'),
(81, 'M0501 MXTK 015 ( M turbomixer Agru 1004 ) ', '0', '2021-10-25 08:34:45', '0', '2021-10-25 08:34:45'),
(82, 'M0501 MXTK 016 ( M Turbomixer SMS M3S / M35171201 ) ', '0', '2021-10-25 08:34:45', '0', '2021-10-25 08:34:45'),
(83, 'M0501 MXTK 017 ( M Turbomixer SMS M3S / M35171202 ) ', '0', '2021-10-25 08:34:45', '0', '2021-10-25 08:34:45'),
(84, 'M0501 MXTK 018 ( M Turbomixer KMP - 1 ) ', '0', '2021-10-25 08:34:45', '0', '2021-10-25 08:34:45'),
(85, 'M0501 MXTK 019 ( M Turbomixer KMP - 2 ) ', '0', '2021-10-25 08:34:45', '0', '2021-10-25 08:34:45'),
(86, 'M0506 PUM 006 ( M ( Reserve ) Pump Mixing Fristam FSPE 3532 B ) ', '0', '2021-10-25 08:34:45', '0', '2021-10-25 08:34:45'),
(87, 'M0501 TK 035 ( M Boilling Tank ) ', '0', '2021-10-25 08:34:45', '0', '2021-10-25 08:34:45'),
(88, 'M0503 CVC 01 ( M cramper CVC 6074 3A3UL SN:10122176 ) ', '0', '2021-10-25 08:34:48', '0', '2021-10-25 08:34:48'),
(89, 'M0503 Elemech ( M Filling Elemech 1001 ) ', '0', '2021-10-25 08:34:48', '0', '2021-10-25 08:34:48'),
(90, 'M0503 KS1010 ( M Cramping Bausch Strobel KS 1010 ) ', '0', '2021-10-25 08:34:48', '0', '2021-10-25 08:34:48'),
(91, 'M0503 UDF4000 ( M Filling Bausch Strobel UDF 4000 ) ', '0', '2021-10-25 08:34:48', '0', '2021-10-25 08:34:48'),
(92, 'M0503 UDF4010 ( M Filling Bausch Strobel UDF 4010 ) ', '0', '2021-10-25 08:34:48', '0', '2021-10-25 08:34:48'),
(93, 'M0505 CJ-120 ( M Cartoning Chyun Jye CJ 120 ) ', '0', '2021-10-25 08:34:48', '0', '2021-10-25 08:34:48'),
(94, 'M0505 CVC 02 ( M labeler CVC 400C SN:10110051 ) ', '0', '2021-10-25 08:34:48', '0', '2021-10-25 08:34:48'),
(95, 'M0505 JC-CTM/1 ( M Cartoning Jin Cheng JC - CTM ) ', '0', '2021-10-25 08:34:48', '0', '2021-10-25 08:34:48'),
(96, 'M0505 KK ( M Labelling KK & KK 926B ) ', '0', '2021-10-25 08:34:48', '0', '2021-10-25 08:34:48'),
(97, 'M0505 PL622 ( M labeling Packleader PL 622 SN:06202PL6220009509 ) ', '0', '2021-10-25 08:34:48', '0', '2021-10-25 08:34:48'),
(98, 'M0601 AWU5000 ( M Washing Bausch & Strobel AWU 5000 ) ', '0', '2021-10-25 08:34:48', '0', '2021-10-25 08:34:48'),
(99, 'M0601 DST2247 ( M Sterilizing Bausch & Strobel DST 2247 ) ', '0', '2021-10-25 08:34:48', '0', '2021-10-25 08:34:48'),
(100, 'M0601 GE91415 ( M Sterilizing Getinge 91415 AR-2 ) ', '0', '2021-10-25 08:34:48', '0', '2021-10-25 08:34:48'),
(101, 'M0601 GE91415/02 ( M autoclave Getinge GE91415 ARC2 SN:5500844-010-01 ) ', '0', '2021-10-25 08:34:48', '0', '2021-10-25 08:34:48'),
(102, 'M0601 Lytzen 02 ( M oven Lytzen H1F SN:A20111002 ) ', '0', '2021-10-25 08:34:48', '0', '2021-10-25 08:34:48'),
(103, 'M0601 MXTK 001 ( M Mixing Seitz DB 200CF ) ', '0', '2021-10-25 08:34:48', '0', '2021-10-25 08:34:48'),
(104, 'M0601 MXTK 002 ( M Mixing Seitz DB 60 ) ', '0', '2021-10-25 08:34:48', '0', '2021-10-25 08:34:48'),
(105, 'M0601 STR 001 ( M Sterilizing Memert ) ', '0', '2021-10-25 08:34:48', '0', '2021-10-25 08:34:48'),
(106, 'M0603 AFV4015 ( M Filling Bausch & Srobel AFV 4015 ) ', '0', '2021-10-25 08:34:48', '0', '2021-10-25 08:34:48'),
(107, 'M0603 CVC 14 ( M Ampoule Labeler CVC 352A SN:10209034 ) ', '0', '2021-10-25 08:34:48', '0', '2021-10-25 08:34:48'),
(108, 'M0605 B1240 ( M Uhlmann B-1240/1278 ) ', '0', '2021-10-25 08:34:48', '0', '2021-10-25 08:34:48'),
(109, 'M0605 Brevetti ( M Inspection Brevetti ATM 23/18 ) ', '0', '2021-10-25 08:34:48', '0', '2021-10-25 08:34:48'),
(110, 'M0701 Becomix 01 ( M Mixing Becomix RW 320CD M100/ RW 30CD ) ', '0', '2021-10-25 08:34:48', '0', '2021-10-25 08:34:48'),
(111, 'M0701 MXTK 007 ( M Mixing Silverson High Sear BX FX ) ', '0', '2021-10-25 08:34:48', '0', '2021-10-25 08:34:48'),
(112, 'M0701 MXTK 009 ( M Mixing Philips HR2071 ) ', '0', '2021-10-25 08:34:50', '0', '2021-10-25 08:34:50'),
(113, 'M0703 ATF40Y ( M Filling ATF 40Y ) ', '0', '2021-10-25 08:34:50', '0', '2021-10-25 08:34:50'),
(114, 'M0703 DB BP10 ( M Filling Bonapace BP10 SN:10201807 ) ', '0', '2021-10-25 08:34:50', '0', '2021-10-25 08:34:50'),
(115, 'M0703 DB BP11 ( M Filling Bonapace BP11 SN:11201803 ) ', '0', '2021-10-25 08:34:50', '0', '2021-10-25 08:34:50'),
(116, 'M0703 IWK 01 ( M Filling IWK TFS 140 E ) ', '0', '2021-10-25 08:34:50', '0', '2021-10-25 08:34:50'),
(117, 'M0705 CTN IMA ( M Cartoning Dynamica IMA safe S/N AM3139 ) ', '0', '2021-10-25 08:34:50', '0', '2021-10-25 08:34:50'),
(118, 'M0705 SRTN 004 ( M Packing Shrink Tunnel Benison DS-400 ) ', '0', '2021-10-25 08:34:50', '0', '2021-10-25 08:34:50'),
(119, 'M0705 STRN IMA ( M Bundling shrink tunnel IMA S/N : M250+T600 ) ', '0', '2021-10-25 08:34:50', '0', '2021-10-25 08:34:50'),
(120, 'M0701 MXTK 010 ( M Mixing Tank 80 SN: 187/KF/V/20/R6 ) ', '0', '2021-10-25 08:34:50', '0', '2021-10-25 08:34:50'),
(121, 'M0801 Compactor3 ( M Compactor Alexanderwerk WP 50 N/75 ) ', '0', '2021-10-25 08:34:50', '0', '2021-10-25 08:34:50'),
(122, 'M0801 DFI300 01 ( M Drying GEA Sirocco DFI 300 SN:17334.FPB201 ) ', '0', '2021-10-25 08:34:50', '0', '2021-10-25 08:34:50'),
(123, 'M0801 Diosna 02 ( M mixer Diosna P 250 SN:291-036 ) ', '0', '2021-10-25 08:34:53', '0', '2021-10-25 08:34:53'),
(124, 'M0801 Diosna P250 002 ( M Granulator Diosna P 250 SN:291-052 ) ', '0', '2021-10-25 08:34:53', '0', '2021-10-25 08:34:53'),
(125, 'M0801 DRMX 005 ( M tumbler Servolift drum blender SN:12853 ) ', '0', '2021-10-25 08:28:56', '0', '2021-10-25 08:28:56'),
(126, 'M0801 DRMX 007 ( M Tumbler Servolift IBC Blending SN:14207 ) ', '0', '0000-00-00 00:00:00', '0', '0000-00-00 00:00:00'),
(127, 'M0801 Fitzmill S44 ( M Ayak Manesty Fitzmill S44 ) ', '0', '0000-00-00 00:00:00', '0', '0000-00-00 00:00:00'),
(128, 'M0801 HDGC100 01 ( M dryer granulator coater Huttlin HDGC 100 SN:D.1000130.03 ) ', '0', '0000-00-00 00:00:00', '0', '0000-00-00 00:00:00'),
(129, 'M0801 MXTK 002 ( M Mixing Diethelm Accelacota 48 ) ', '0', '0000-00-00 00:00:00', '0', '0000-00-00 00:00:00'),
(130, 'M0801 MXTK 004 ( M Mixing Diethelm Sejong SFC 60 FSN ) ', '0', '0000-00-00 00:00:00', '0', '0000-00-00 00:00:00'),
(131, 'M0801 MXTK 005 ( M Mixing Diethelm Sejong SFC 100 FSN ) ', '0', '0000-00-00 00:00:00', '0', '0000-00-00 00:00:00'),
(132, 'M0801 MXTK 009 ( M Mixing Turbomixer Silverson AX3 ) ', '0', '0000-00-00 00:00:00', '0', '0000-00-00 00:00:00'),
(133, 'M0801 MXTK 010 ( M turbomixer Silverson BX SN:2CM3031 ) ', '0', '0000-00-00 00:00:00', '0', '0000-00-00 00:00:00'),
(134, 'M0801 MXTK 011 ( M turbomixer Silverson BX SN:2CM3032 ) ', '0', '0000-00-00 00:00:00', '0', '0000-00-00 00:00:00'),
(135, 'M0801 MXTK 013 ( M turbomixer Silverson BX SN:2CM3034 ) ', '0', '0000-00-00 00:00:00', '0', '0000-00-00 00:00:00'),
(136, 'M0801 MXTK 014 ( M turbomixer Silverson AX3 SN:11388 ) ', '0', '0000-00-00 00:00:00', '0', '0000-00-00 00:00:00'),
(137, 'M0801 Quadro 2 ( M Ayak Quadrocomil U20-2 ) ', '0', '0000-00-00 00:00:00', '0', '0000-00-00 00:00:00'),
(138, 'M0801 Quadro 3 ( M Ayak Quadrocomil U20-3 ) ', '0', '0000-00-00 00:00:00', '0', '0000-00-00 00:00:00'),
(139, 'M0801 Quadro 4 ( M Ayak Quadrocomil U20-4 ) ', '0', '0000-00-00 00:00:00', '0', '0000-00-00 00:00:00'),
(140, 'M0802 JCMCO 08 ( M tablet press JCMCO JC-SSH-29B SN:SSH-12-149 ) ', '0', '0000-00-00 00:00:00', '0', '0000-00-00 00:00:00'),
(141, 'M0802 JCMCO 09 ( M tablet press JCMCO JC-DSH-39DB SN:SSH-12-177 ) ', '0', '0000-00-00 00:00:00', '0', '0000-00-00 00:00:00'),
(142, 'M0802 JCMCO 3 ( M Tabletting JCMCO JC-RT-20H/2 ) ', '0', '0000-00-00 00:00:00', '0', '0000-00-00 00:00:00'),
(143, 'M0802 JCMCO 5 ( M Tabletting JCMCO JC - SSH - 29 / 2 ) ', '0', '0000-00-00 00:00:00', '0', '0000-00-00 00:00:00'),
(144, 'M0802 JCMCO 7 ( M Tableting JCMCO JC-DDH-31D ) ', '0', '0000-00-00 00:00:00', '0', '0000-00-00 00:00:00'),
(145, 'M0804 Accelacota ( M Coating Accelacota 48 ) ', '0', '0000-00-00 00:00:00', '0', '0000-00-00 00:00:00'),
(146, 'M0804 Manesty 01 ( M coater Manesty XL-cota M-TEC SN:150170 ) ', '0', '0000-00-00 00:00:00', '0', '0000-00-00 00:00:00'),
(147, 'M0804 SFC 100 ( M Coating Sejong SFC 100 FSN ) ', '0', '0000-00-00 00:00:00', '0', '0000-00-00 00:00:00'),
(148, 'M0804 SFC 60 ( M Coating Sejong SFC 60 FSN ) ', '0', '0000-00-00 00:00:00', '0', '0000-00-00 00:00:00'),
(149, 'M0805 B1240 ( M Uhlmann B-1240/1600 ) ', '0', '0000-00-00 00:00:00', '0', '0000-00-00 00:00:00'),
(150, 'M0805 HM1/230 03 ( M Stripping Siebler HM1/230 eco SN:13201525 ) ', '0', '0000-00-00 00:00:00', '0', '0000-00-00 00:00:00'),
(151, 'M0805 HM1/230 05 ( M stripping Siebler HM1/230 eco SN:16202111 ) ', '0', '0000-00-00 00:00:00', '0', '0000-00-00 00:00:00'),
(152, 'M0805 Solpac ( M Striping Solpac SP-160 ) ', '0', '0000-00-00 00:00:00', '0', '0000-00-00 00:00:00'),
(153, 'M0805 IMA IC150C ( M  Cartoning IMA IC150C SN:B-92-367 ) ', '0', '0000-00-00 00:00:00', '0', '0000-00-00 00:00:00'),
(154, 'M0804 Manesty 02 ( M coater Manesty XL-cota SN:150192 ) ', '0', '0000-00-00 00:00:00', '0', '0000-00-00 00:00:00'),
(155, 'M0801 MXTK 016 ( M turbomixer Silverson BX SN:2CM3268 ) ', '0', '0000-00-00 00:00:00', '0', '0000-00-00 00:00:00'),
(156, 'M0801 Quadro 5 ( M Ayak Quadrocomil U20-5 ) ', '0', '0000-00-00 00:00:00', '0', '0000-00-00 00:00:00'),
(157, 'M0801 Quadro 6 ( M Ayak Quadrocomil U20-6 ) ', '0', '0000-00-00 00:00:00', '0', '0000-00-00 00:00:00'),
(158, 'M0805 Mill PFS16 ( Fitzmill PFS 16 ) ', '0', '0000-00-00 00:00:00', '0', '0000-00-00 00:00:00'),
(159, 'M0801 DFI300 02 ( M Drying GEA Sirocco DFI 300 SN:17334.FBP101 ) ', '0', '0000-00-00 00:00:00', '0', '0000-00-00 00:00:00'),
(160, 'M0803 WFM 01 ( M Filling Winapack WFM 01 AI S/N : WP/P.04/004 ) ', '0', '0000-00-00 00:00:00', '0', '0000-00-00 00:00:00'),
(161, 'M0805 CVC 302A 01 ( M Labeling CVC 302A CE-I (SE) SN:10503018 ) ', '0', '0000-00-00 00:00:00', '0', '0000-00-00 00:00:00'),
(162, 'M0805 HM1/230 01 ( M stripping Siebler HM1/230 eco SN:12200653 ) ', '0', '0000-00-00 00:00:00', '0', '0000-00-00 00:00:00'),
(163, 'M0805 HM1/230 04 ( M stripping Siebler HM1/230 eco S/N:16202112 ) ', '0', '0000-00-00 00:00:00', '0', '0000-00-00 00:00:00'),
(164, 'M0805 HS 4/1 ( M Stripping Uhlmann HS 4/1 ) ', '0', '0000-00-00 00:00:00', '0', '0000-00-00 00:00:00'),
(165, 'M0805 IND 113 ( M Cramping IND 113 Alers MFG 1628 ) ', '0', '0000-00-00 00:00:00', '0', '0000-00-00 00:00:00'),
(166, 'M0805 Siebler 3 ( M Stripping Siebler 90 / 3 ) ', '0', '0000-00-00 00:00:00', '0', '0000-00-00 00:00:00'),
(167, 'M0805 IC150C 01 ( M  Cartoning IMA PG IC 150C S/N:B-92-367 ) ', '0', '0000-00-00 00:00:00', '0', '0000-00-00 00:00:00'),
(168, 'M0803 Elemech HW ( M Pengisi tablet / Kapsul Elemech HW- C108IICV ) ', '0', '0000-00-00 00:00:00', '0', '0000-00-00 00:00:00'),
(169, 'M0801 Glatt 60 ( M Drying Glatt WSG 60 ) ', '0', '0000-00-00 00:00:00', '0', '0000-00-00 00:00:00'),
(170, 'M0801 Meili ( M Granulator Meili ) ', '0', '0000-00-00 00:00:00', '0', '0000-00-00 00:00:00'),
(171, 'M0801 MXTK 001 ( M Mixing Motovario Turbo Mixer TF 80 R ) ', '0', '0000-00-00 00:00:00', '0', '0000-00-00 00:00:00'),
(172, 'M0801 MXTK 015 ( M laboratory mixer Canaan HSD15 SN:1305332 ) ', '0', '0000-00-00 00:00:00', '0', '0000-00-00 00:00:00'),
(173, 'M0803 Acco FC 01 ( M filling powder Accofill FC SN:P-192 ) ', '0', '0000-00-00 00:00:00', '0', '0000-00-00 00:00:00'),
(174, 'M0802 JCMCO 4 ( M Tabletting JCMCO JC - SSH - 29 / 1 ) ', '0', '0000-00-00 00:00:00', '0', '0000-00-00 00:00:00'),
(175, 'M0802 JCMCO 1 ( M Tabletting JCMCO JC-RT-20H/1 ) ', '0', '0000-00-00 00:00:00', '0', '0000-00-00 00:00:00'),
(176, 'M0801 DRMX 006 ( M tumbler Servolift drum blender SN:12941 ) ', '0', '0000-00-00 00:00:00', '0', '0000-00-00 00:00:00'),
(177, 'M0802 JCMCO 10 ( M Tablet Press JCMCO JC-SSH-29B SN: SSH-13-168 ) ', '0', '0000-00-00 00:00:00', '0', '0000-00-00 00:00:00'),
(178, 'M0801 Diosna 250 ( M Granulator Diosna V 250 ) ', '0', '0000-00-00 00:00:00', '0', '0000-00-00 00:00:00'),
(179, 'M0801 Quadro 1 ( M Ayak Quadrocomil U20-1 ) ', '0', '0000-00-00 00:00:00', '0', '0000-00-00 00:00:00'),
(180, 'M0801 TK 001 ( M Boiling Tank Multi Indo Jaya ) ', '0', '0000-00-00 00:00:00', '0', '0000-00-00 00:00:00'),
(181, 'M0801 YenCen FBD ( M Drying Yen Chen YC FBD 30 ) ', '0', '0000-00-00 00:00:00', '0', '0000-00-00 00:00:00'),
(182, 'M0801 YenCen SMG ( M Granulator Yen Chen YC SMG 100 ) ', '0', '0000-00-00 00:00:00', '0', '0000-00-00 00:00:00'),
(183, 'M1005 CVC 01 ( M Labeling CVC 350A SN:10113003 ) ', '0', '0000-00-00 00:00:00', '0', '0000-00-00 00:00:00'),
(184, 'M0501 MXTK 011 ( M (reserved) pre mixing tank Tetrapak 124008-19 ) ', '0', '0000-00-00 00:00:00', '0', '0000-00-00 00:00:00'),
(185, 'M0501 MXTK 012 ( M (reserved) holding tank 01 Tetrapak 124008-21B ) ', '0', '0000-00-00 00:00:00', '0', '0000-00-00 00:00:00'),
(186, 'M0501 MXTK 013 ( M (reserved) holding tank 02 Tetrapak 124008-21A ) ', '0', '0000-00-00 00:00:00', '0', '0000-00-00 00:00:00'),
(187, 'M0501 MXTK 014 ( M (reserved) main mixing tank Tetrapak 124008-16 ) ', '0', '0000-00-00 00:00:00', '0', '0000-00-00 00:00:00'),
(188, 'M0503 ML662 01 ( M Marchesini ML 662 SN:M6110031 ) ', '0', '0000-00-00 00:00:00', '0', '0000-00-00 00:00:00'),
(189, 'M0503 RO2000 01 ( M Marchesini OZAF RO2000 SN:4691-4692 ) ', '0', '0000-00-00 00:00:00', '0', '0000-00-00 00:00:00'),
(190, 'M0505 MA255 01 ( M Marchesini MA 255 SN:M3110079 ) ', '0', '0000-00-00 00:00:00', '0', '0000-00-00 00:00:00'),
(191, 'M0505 RE202 01 ( M Marchesini Neri RE 202 SN:N6110048 ) ', '0', '0000-00-00 00:00:00', '0', '0000-00-00 00:00:00'),
(192, 'M1201 MXTK 001 ( M Mixing OPE SN:17.0018.01 ) ', '0', '0000-00-00 00:00:00', '0', '0000-00-00 00:00:00'),
(193, 'M1203 IMA F573 ( M Filling IMA Multifil F573 SN:573039 ) ', '0', '0000-00-00 00:00:00', '0', '0000-00-00 00:00:00'),
(194, 'M1203 IMA OZAF RO 2000 ( M Unscrambler IMA OZAF RO 2000 SN:5450-5451 ) ', '0', '0000-00-00 00:00:00', '0', '0000-00-00 00:00:00'),
(195, 'M1203 MA40043 01 ( M Marchesini Bestpocket SN : L81140043 ) ', '0', '0000-00-00 00:00:00', '0', '0000-00-00 00:00:00'),
(196, 'M1205 IMA BFB CP 18 ( M Casepacker IMA BFB CP 18 SN:7385 ) ', '0', '0000-00-00 00:00:00', '0', '0000-00-00 00:00:00'),
(197, 'M1205 IMA Dynamica - S ( M Cartoning IMA Dynamica - S SN:AM 3177 ) ', '0', '0000-00-00 00:00:00', '0', '0000-00-00 00:00:00'),
(198, 'M1205 IMA Sensitive 200 2T ( M Labeler IMA Sensitive 200 2T SN:L1G030 ) ', '0', '0000-00-00 00:00:00', '0', '0000-00-00 00:00:00'),
(199, 'M0701 Becomix 02 ( M Mixing Becomix RW 320CD M100 / 1561 ) ', '0', '0000-00-00 00:00:00', '0', '0000-00-00 00:00:00'),
(200, 'M0701 MXTK 001 ( M Mixing Unimix SR 200 ) ', '0', '0000-00-00 00:00:00', '0', '0000-00-00 00:00:00'),
(201, 'M0701 MXTK 008 ( M Boiling Tank 100 ) ', '0', '0000-00-00 00:00:00', '0', '0000-00-00 00:00:00'),
(202, 'M0703 Comadis ( M Filling Comadis C1090 ) ', '0', '0000-00-00 00:00:00', '0', '0000-00-00 00:00:00'),
(203, 'M0703 IWK 02 ( M filling IWK TFS 140 E SN:023 ) ', '0', '0000-00-00 00:00:00', '0', '0000-00-00 00:00:00'),
(204, 'M0703 IWK 03 ( M filling IWK TZS SN:036 ) ', '0', '0000-00-00 00:00:00', '0', '0000-00-00 00:00:00'),
(205, 'M1303 IWK 01 ( M Filling IWK TFS 220 E S/N:031 ) ', '0', '0000-00-00 00:00:00', '0', '0000-00-00 00:00:00'),
(206, 'M1305 62WLV25SC 01 ( M Wrapping Autopack 62WLV25SC S/N:1925312 ) ', '0', '0000-00-00 00:00:00', '0', '0000-00-00 00:00:00'),
(207, 'M1305 AM3137 ( M Cartoning Dynamica IMA Safe S/N :AM3137 ) ', '0', '0000-00-00 00:00:00', '0', '0000-00-00 00:00:00'),
(208, 'M1305 IWKSC5 01 ( M Cartoning IWK SC5 ) ', '0', '0000-00-00 00:00:00', '0', '0000-00-00 00:00:00'),
(209, 'M1305 STRN 01 ( M Packing Shrink Tunnel MS250+T600 ) ', '0', '0000-00-00 00:00:00', '0', '0000-00-00 00:00:00'),
(210, 'M0701 MXTK 011 ( M Mixing Becomix RW 320CD M150 / 1561 SN: 011/4-1920 ) ', '0', '0000-00-00 00:00:00', '0', '0000-00-00 00:00:00'),
(211, 'M0801 Compactor2 ( M Compactor Alexanderwerk WP 50 N/75 ) ', '0', '0000-00-00 00:00:00', '0', '0000-00-00 00:00:00'),
(212, 'M0802 JCMCO 2 ( M Tabletting JCMCO JC - SSH - 23 ) ', '0', '0000-00-00 00:00:00', '0', '0000-00-00 00:00:00'),
(213, 'M0803 Sejong Cap ( M Filling Capsule Sejong SF 40N ) ', '0', '0000-00-00 00:00:00', '0', '0000-00-00 00:00:00'),
(214, 'M0803 Zibo 01 ( M Filling Zanasi Zibo -40 ) ', '0', '0000-00-00 00:00:00', '0', '0000-00-00 00:00:00'),
(215, 'M0803 Zibo 02 ( M capsule filling Zanasi Zibo 410 F SN:43 ) ', '0', '0000-00-00 00:00:00', '0', '0000-00-00 00:00:00'),
(216, 'M0805 B1260 ( M Uhlmann B-1260/235 ) ', '0', '0000-00-00 00:00:00', '0', '0000-00-00 00:00:00'),
(217, 'M0805 B1330 01 ( M blistering Uhlmann B1330 SN:208 ) ', '0', '0000-00-00 00:00:00', '0', '0000-00-00 00:00:00'),
(218, 'M0805 HM1/230 02 ( M stripping Siebler HM1/230 eco SN:12202056 ) ', '0', '0000-00-00 00:00:00', '0', '0000-00-00 00:00:00'),
(219, 'M0805 HoongA ( M HoongA Ministar V6TR ) ', '0', '0000-00-00 00:00:00', '0', '0000-00-00 00:00:00'),
(220, 'M1401 Diosna 01 ( M mixer Diosna P 250 SN:291-041 ) ', '0', '0000-00-00 00:00:00', '0', '0000-00-00 00:00:00'),
(221, 'M1401 DRMX 01 ( M Tumbler Servolift MF SN: 13632 ) ', '0', '0000-00-00 00:00:00', '0', '0000-00-00 00:00:00'),
(222, 'M1401 MXTK 01 ( M turbomixer Silverson BX SN:2CM3150 ) ', '0', '0000-00-00 00:00:00', '0', '0000-00-00 00:00:00'),
(223, 'M1401 Quadrocomill U20 01 ( M Siever Quadrocomill U-20 SN : U-20-1623 ) ', '0', '0000-00-00 00:00:00', '0', '0000-00-00 00:00:00'),
(224, 'M1401 Quadrocomill U20 02 ( M Siever Quadrocomill U-20 SN : U-20-1721 ) ', '0', '0000-00-00 00:00:00', '0', '0000-00-00 00:00:00'),
(225, 'M1401 Sirocco 01 ( M Drying Sirocco Dfx 300 - F1/2 - Satin ) ', '0', '0000-00-00 00:00:00', '0', '0000-00-00 00:00:00'),
(226, 'M1401 Sivtek PS40 01 ( M Siever Sivtek Pharma Sifter PS-40 SN: 352/09/13/PSG0040D38880020B816A ) ', '0', '0000-00-00 00:00:00', '0', '0000-00-00 00:00:00'),
(227, 'M1401 Yenchen YCEPOG2A 01 ( M Mixer Yenchen YC-EP-OG-2A SN:OB320170106 ) ', '0', '0000-00-00 00:00:00', '0', '0000-00-00 00:00:00');

-- --------------------------------------------------------

--
-- Struktur dari tabel `migrations`
--

CREATE TABLE `migrations` (
  `id` bigint(20) UNSIGNED NOT NULL,
  `version` varchar(255) NOT NULL,
  `class` varchar(255) NOT NULL,
  `group` varchar(255) NOT NULL,
  `namespace` varchar(255) NOT NULL,
  `time` int(11) NOT NULL,
  `batch` int(11) UNSIGNED NOT NULL
) ENGINE=InnoDB DEFAULT CHARSET=utf8 COLLATE=utf8_general_ci;

--
-- Dumping data untuk tabel `migrations`
--

INSERT INTO `migrations` (`id`, `version`, `class`, `group`, `namespace`, `time`, `batch`) VALUES
(1, '2017-11-20-223112', 'Myth\\Auth\\Database\\Migrations\\CreateAuthTables', 'default', 'Myth\\Auth', 1675233995, 1);

-- --------------------------------------------------------

--
-- Struktur dari tabel `qcp`
--

CREATE TABLE `qcp` (
  `id` int(11) NOT NULL,
  `id_kategori` int(11) NOT NULL,
  `nama_project` text NOT NULL,
  `sasaran_kpi` varchar(30) NOT NULL,
  `bagian` int(11) NOT NULL,
  `start` datetime DEFAULT NULL,
  `end` datetime DEFAULT NULL,
  `sebelum` text NOT NULL,
  `sesudah` text NOT NULL,
  `solusi` text NOT NULL,
  `hasil` text NOT NULL,
  `status` varchar(30) NOT NULL,
  `cpr_no` varchar(30) NOT NULL,
  `catatan` text NOT NULL,
  `pembuat` int(11) NOT NULL,
  `penyetuju` int(11) NOT NULL,
  `returner` int(11) NOT NULL,
  `rejecter` int(11) NOT NULL,
  `alasan` varchar(30) NOT NULL,
  `created_at` datetime DEFAULT NULL,
  `approved_at` datetime DEFAULT NULL,
  `returned_at` datetime DEFAULT NULL,
  `rejected_at` datetime DEFAULT NULL,
  `updated_at` datetime DEFAULT NULL,
  `changecontrol` varchar(60) NOT NULL
) ENGINE=InnoDB DEFAULT CHARSET=utf8mb4 COLLATE=utf8mb4_general_ci;

--
-- Dumping data untuk tabel `qcp`
--

INSERT INTO `qcp` (`id`, `id_kategori`, `nama_project`, `sasaran_kpi`, `bagian`, `start`, `end`, `sebelum`, `sesudah`, `solusi`, `hasil`, `status`, `cpr_no`, `catatan`, `pembuat`, `penyetuju`, `returner`, `rejecter`, `alasan`, `created_at`, `approved_at`, `returned_at`, `rejected_at`, `updated_at`, `changecontrol`) VALUES
(55, 1, 'Tes', 'Tes', 20, '2023-04-07 00:00:00', '2023-04-05 00:00:00', 'Tes', 'Tes', 'Tes', 'Tes', 'Approved', 'QCP1-MSTD-1', '', 2020, 2, 0, 0, '', '2023-04-06 07:01:53', '2023-04-06 07:02:46', NULL, NULL, '2023-04-06 07:02:51', ''),
(56, 2, 'Tes 2 buat foto', 'Tes 2 buat foto', 20, '2023-04-29 00:00:00', '2023-04-23 00:00:00', 'Tes 2 buat foto', 'Tes 2 buat foto', 'Tes 2 buat foto', 'Tes 2 buat foto', 'Approved', 'QCP1-MSTD-2', '', 2020, 2, 0, 0, '', '2023-04-06 07:16:54', '2023-04-06 07:17:04', NULL, NULL, '2023-04-06 07:17:12', ''),
(57, 1, 'Tes NA', 'Tes NA', 20, '2023-04-08 00:00:00', '2023-04-17 00:00:00', 'Tes NA', 'Tes NA', 'Tes NA', 'Tes NA', 'Created', '9', '', 2020, 0, 0, 0, '', '2023-04-10 06:15:44', NULL, NULL, NULL, '2023-04-10 06:15:44', 'Tes NA'),
(58, 1, 'Pig ur patty', 'Pig ur patty', 20, '2023-05-03 00:00:00', '2023-05-02 00:00:00', 'Pig ur patty', 'Pig ur patty', 'Pig ur patty', 'Pig ur patty', 'Created', '3', '', 1, 0, 0, 0, '', '2023-04-10 06:23:52', NULL, NULL, NULL, '2023-04-10 06:23:52', 'Pig ur patty!!'),
(59, 2, 'Tes NA2', 'Tes NA2', 20, '2023-04-11 00:00:00', '2023-04-23 00:00:00', 'Tes NA2', 'Tes NA2', 'Tes NA2', 'Tes NA2', 'Approved', 'QCP1-MSTD-4', '', 1, 2, 0, 0, '', '2023-04-10 06:29:35', '2023-04-10 06:51:43', NULL, NULL, '2023-04-10 06:51:51', 'Tes NA2@@@'),
(60, 4, 'Yung', 'Yang', 20, '2023-04-19 00:00:00', '2023-04-26 00:00:00', 'Ying', 'Yong', 'Yang', 'Yeng', 'Created', '7', '', 1, 0, 0, 0, '', '2023-04-10 06:35:24', NULL, NULL, NULL, '2023-04-10 06:35:24', 'Yang Yeng Ting '),
(61, 3, 'Prima Prima Prima', 'Prima Prima Prima', 20, '2023-03-26 00:00:00', '2023-03-29 00:00:00', 'Prima Prima Prima', 'Prima Prima Prima', 'Prima Prima Prima', 'Prima Prima Prima', 'Rejected', '4', '', 1, 0, 0, 2, 'hahaha lucu\r\n', '2023-04-10 06:39:51', NULL, NULL, '2023-04-10 07:00:55', '2023-04-10 07:07:42', 'Prima Prima Pri'),
(62, 4, 'HAHA', 'HAHA', 20, '2222-02-22 00:00:00', '2222-02-22 00:00:00', 'HAHA', 'HAHA', 'HAHA', 'HAHA', 'Created', '8', '', 1, 0, 0, 0, '', '2023-04-10 07:02:04', NULL, NULL, NULL, '2023-04-10 07:02:04', 'HAHAHAHAHAHAHAHAHAHAHAHAHAHA'),
(63, 1, 'Pig ur patty2 ', 'Pig ur patty2 ', 20, '2023-04-23 00:00:00', '2023-04-25 00:00:00', 'Pig ur patty2 ', 'Pig ur patty2 ', 'Pig ur patty2 ', 'Pig ur patty2 ', 'Rejected', '4', '', 1, 0, 0, 2, 'kscbls', '2023-04-13 00:59:16', NULL, NULL, '2023-04-13 03:17:08', '2023-04-13 03:17:14', 'NA'),
(64, 1, 'Burger ayam', 'Burger ayam', 20, '2023-03-28 00:00:00', '2023-04-19 00:00:00', 'Burger ayam', 'Burger ayam', 'Burger ayam', 'Burger ayam', 'Approved', 'QCP1-MSTD-5', '', 1, 2020, 0, 0, '', '2023-04-13 01:44:25', '2023-04-23 17:54:59', NULL, NULL, '2023-04-23 17:55:07', 'NA'),
(65, 1, 'Ini tes lagi sumpah', 'Ini tes lagi sumpah', 20, '2023-04-22 00:00:00', '2023-04-21 00:00:00', 'Ini tes lagi sumpah', 'Ini tes lagi sumpah', 'Ini tes lagi sumpah', 'Ini tes lagi sumpah', 'Returned', '6', '', 1, 0, 2, 0, 'lakfnda', '2023-04-13 01:49:19', NULL, '2023-04-13 03:16:55', NULL, '2023-04-13 03:17:00', 'Ini tes lagi sumpah'),
(66, 1, 'sdgff', 'asdfgn', 20, '2023-05-08 00:00:00', '2023-05-11 00:00:00', 'sadfg', 'dfgh', 'sdgfhg', 'wdfhg', 'Approved', 'QCP1-MSTD-1', '', 2021, 2022, 0, 0, '', '2023-05-08 02:53:53', '2023-05-08 03:07:42', NULL, NULL, '2023-05-08 03:07:51', '123');

-- --------------------------------------------------------

--
-- Struktur dari tabel `users`
--

CREATE TABLE `users` (
  `id` int(11) UNSIGNED NOT NULL,
  `NIK` varchar(20) NOT NULL,
  `email` varchar(255) DEFAULT NULL,
  `username` varchar(30) DEFAULT NULL,
  `fullname` varchar(255) DEFAULT NULL,
  `user_image` varchar(255) NOT NULL DEFAULT 'default.gif',
  `password_hash` varchar(255) NOT NULL,
  `distribusi` int(11) NOT NULL,
  `reset_hash` varchar(255) DEFAULT NULL,
  `reset_at` datetime DEFAULT NULL,
  `reset_expires` datetime DEFAULT NULL,
  `activate_hash` varchar(255) DEFAULT NULL,
  `status` varchar(255) DEFAULT NULL,
  `status_message` varchar(255) DEFAULT NULL,
  `active` tinyint(1) NOT NULL DEFAULT 0,
  `force_pass_reset` tinyint(1) NOT NULL DEFAULT 0,
  `created_at` datetime DEFAULT NULL,
  `updated_at` datetime DEFAULT NULL,
  `deleted_at` datetime DEFAULT NULL
) ENGINE=InnoDB DEFAULT CHARSET=utf8 COLLATE=utf8_general_ci;

--
-- Dumping data untuk tabel `users`
--

INSERT INTO `users` (`id`, `NIK`, `email`, `username`, `fullname`, `user_image`, `password_hash`, `distribusi`, `reset_hash`, `reset_at`, `reset_expires`, `activate_hash`, `status`, `status_message`, `active`, `force_pass_reset`, `created_at`, `updated_at`, `deleted_at`) VALUES
(1, '930200003', NULL, 'RLW', 'ROSA LUSIA WAHYUNI', 'default.gif', '$2y$10$aLU1vOTlsQ9fxiDCFTdFOuM3u7m9HIiR2UenkoTYAPPrmnOl1022m', 1, NULL, NULL, NULL, NULL, NULL, NULL, 1, 0, NULL, NULL, NULL),
(2, '960400011', NULL, 'DDA', 'DADAN DARMANA', 'default.gif', '$2y$10$aLU1vOTlsQ9fxiDCFTdFOuM3u7m9HIiR2UenkoTYAPPrmnOl1022m', 27, NULL, NULL, NULL, NULL, NULL, NULL, 1, 0, NULL, NULL, NULL),
(3, '971100029', NULL, 'OHI', 'OKTAFIANA HARYANI', 'default.gif', '$2y$10$aLU1vOTlsQ9fxiDCFTdFOuM3u7m9HIiR2UenkoTYAPPrmnOl1022m', 31, NULL, NULL, NULL, NULL, NULL, NULL, 1, 0, NULL, NULL, NULL),
(4, '000500020', NULL, 'SIY', 'SRIYANTI, SP.', 'default.gif', '$2y$10$aLU1vOTlsQ9fxiDCFTdFOuM3u7m9HIiR2UenkoTYAPPrmnOl1022m', 32, NULL, NULL, NULL, NULL, NULL, NULL, 1, 0, NULL, NULL, NULL),
(5, '021000036', NULL, 'MYK', 'MAGDALENA YUNI KRISTANTI', 'default.gif', '$2y$10$aLU1vOTlsQ9fxiDCFTdFOuM3u7m9HIiR2UenkoTYAPPrmnOl1022m', 27, NULL, NULL, NULL, NULL, NULL, NULL, 1, 0, NULL, NULL, NULL),
(6, '021200037', NULL, 'IGS', 'I GEDE WIDYA SPUTRA', 'default.gif', '$2y$10$aLU1vOTlsQ9fxiDCFTdFOuM3u7m9HIiR2UenkoTYAPPrmnOl1022m', 27, NULL, NULL, NULL, NULL, NULL, NULL, 1, 0, NULL, NULL, NULL),
(7, '030300020', NULL, 'KWI', 'KINGKIN WULANDARI', 'default.gif', '$2y$10$aLU1vOTlsQ9fxiDCFTdFOuM3u7m9HIiR2UenkoTYAPPrmnOl1022m', 28, NULL, NULL, NULL, NULL, NULL, NULL, 1, 0, NULL, NULL, NULL),
(8, '031000055', NULL, 'VSL', 'VERONICA SITOMPUL', 'default.gif', '$2y$10$aLU1vOTlsQ9fxiDCFTdFOuM3u7m9HIiR2UenkoTYAPPrmnOl1022m', 28, NULL, NULL, NULL, NULL, NULL, NULL, 1, 0, NULL, NULL, NULL),
(9, '040900044', NULL, 'CYN', 'CHRISTWINA YOSEP NUGROHO', 'default.gif', '$2y$10$aLU1vOTlsQ9fxiDCFTdFOuM3u7m9HIiR2UenkoTYAPPrmnOl1022m', 28, NULL, NULL, NULL, NULL, NULL, NULL, 1, 0, NULL, NULL, NULL),
(10, '050500017', NULL, 'KDA', 'KOMANG DIAN ANDRIANI', 'default.gif', '$2y$10$aLU1vOTlsQ9fxiDCFTdFOuM3u7m9HIiR2UenkoTYAPPrmnOl1022m', 32, NULL, NULL, NULL, NULL, NULL, NULL, 1, 0, NULL, NULL, NULL),
(11, '060700025', NULL, 'MNU', 'MUHAMMAD NUR', 'default.gif', '$2y$10$aLU1vOTlsQ9fxiDCFTdFOuM3u7m9HIiR2UenkoTYAPPrmnOl1022m', 27, NULL, NULL, NULL, NULL, NULL, NULL, 1, 0, NULL, NULL, NULL),
(12, '070500019', NULL, 'NPI', 'NUNGKI PUTIKESARI', 'default.gif', '$2y$10$aLU1vOTlsQ9fxiDCFTdFOuM3u7m9HIiR2UenkoTYAPPrmnOl1022m', 32, NULL, NULL, NULL, NULL, NULL, NULL, 1, 0, NULL, NULL, NULL),
(13, '070800038', NULL, 'NHS', 'NURULHUDA SOFIANINGRUM', 'default.gif', '$2y$10$aLU1vOTlsQ9fxiDCFTdFOuM3u7m9HIiR2UenkoTYAPPrmnOl1022m', 32, NULL, NULL, NULL, NULL, NULL, NULL, 1, 0, NULL, NULL, NULL),
(14, '070800039', NULL, 'SCH', 'SITI CHOLIFAH', 'default.gif', '$2y$10$aLU1vOTlsQ9fxiDCFTdFOuM3u7m9HIiR2UenkoTYAPPrmnOl1022m', 27, NULL, NULL, NULL, NULL, NULL, NULL, 1, 0, NULL, NULL, NULL),
(15, '071000043', NULL, 'ECS', 'EVELINE CHRISTY SAMUELS', 'default.gif', '$2y$10$aLU1vOTlsQ9fxiDCFTdFOuM3u7m9HIiR2UenkoTYAPPrmnOl1022m', 25, NULL, NULL, NULL, NULL, NULL, NULL, 1, 0, NULL, NULL, NULL),
(16, '091200068', NULL, 'CWO', 'CAROLINE WIBISONO', 'default.gif', '$2y$10$aLU1vOTlsQ9fxiDCFTdFOuM3u7m9HIiR2UenkoTYAPPrmnOl1022m', 27, NULL, NULL, NULL, NULL, NULL, NULL, 1, 0, NULL, NULL, NULL),
(17, '100200015', NULL, 'MSJ', 'MARIA STEPHANIE', 'default.gif', '$2y$10$aLU1vOTlsQ9fxiDCFTdFOuM3u7m9HIiR2UenkoTYAPPrmnOl1022m', 30, NULL, NULL, NULL, NULL, NULL, NULL, 1, 0, NULL, NULL, NULL),
(18, '101100115', NULL, 'NTW', 'NOVI TANI WIJAYA', 'default.gif', '$2y$10$aLU1vOTlsQ9fxiDCFTdFOuM3u7m9HIiR2UenkoTYAPPrmnOl1022m', 32, NULL, NULL, NULL, NULL, NULL, NULL, 1, 0, NULL, NULL, NULL),
(19, '060200033', NULL, 'FMH', 'FRIEDA MELINDA HARYADI', 'default.gif', '$2y$10$aLU1vOTlsQ9fxiDCFTdFOuM3u7m9HIiR2UenkoTYAPPrmnOl1022m', 32, NULL, NULL, NULL, NULL, NULL, NULL, 1, 0, NULL, NULL, NULL),
(20, '110200029', NULL, 'DHG', 'DWIANTO HARRY NUGRAHA', 'default.gif', '$2y$10$aLU1vOTlsQ9fxiDCFTdFOuM3u7m9HIiR2UenkoTYAPPrmnOl1022m', 28, NULL, NULL, NULL, NULL, NULL, NULL, 1, 0, NULL, NULL, NULL),
(21, '110500067', NULL, 'FPP', 'FR. PRIMA PINASTIKA ARDIANA', 'default.gif', '$2y$10$aLU1vOTlsQ9fxiDCFTdFOuM3u7m9HIiR2UenkoTYAPPrmnOl1022m', 27, NULL, NULL, NULL, NULL, NULL, NULL, 1, 0, NULL, NULL, NULL),
(22, '110900106', NULL, 'ATK', 'ARDHIAN TIRTA KUSUMAWAN', 'default.gif', '$2y$10$aLU1vOTlsQ9fxiDCFTdFOuM3u7m9HIiR2UenkoTYAPPrmnOl1022m', 24, NULL, NULL, NULL, NULL, NULL, NULL, 1, 0, NULL, NULL, NULL),
(23, '111100136', NULL, 'SCP', 'STEFANUS DANI CAHYA PAMUNGKAS', 'default.gif', '$2y$10$aLU1vOTlsQ9fxiDCFTdFOuM3u7m9HIiR2UenkoTYAPPrmnOl1022m', 6, NULL, NULL, NULL, NULL, NULL, NULL, 1, 0, NULL, NULL, NULL),
(24, '120100002', NULL, 'TMN', 'TATIANA MARLEEN H.', 'default.gif', '$2y$10$aLU1vOTlsQ9fxiDCFTdFOuM3u7m9HIiR2UenkoTYAPPrmnOl1022m', 32, NULL, NULL, NULL, NULL, NULL, NULL, 1, 0, NULL, NULL, NULL),
(25, '120200011', NULL, 'MCR', 'MUHAMAD CURSOR RAFIDIAN', 'default.gif', '$2y$10$aLU1vOTlsQ9fxiDCFTdFOuM3u7m9HIiR2UenkoTYAPPrmnOl1022m', 7, NULL, NULL, NULL, NULL, NULL, NULL, 1, 0, NULL, NULL, NULL),
(26, '120300030', NULL, 'IKD', 'INDRAWAN KURNIA DWINATARI', 'default.gif', '$2y$10$aLU1vOTlsQ9fxiDCFTdFOuM3u7m9HIiR2UenkoTYAPPrmnOl1022m', 27, NULL, NULL, NULL, NULL, NULL, NULL, 1, 0, NULL, NULL, NULL),
(27, '120500065', NULL, 'AHG', 'AGNES HARTANTI', 'default.gif', '$2y$10$aLU1vOTlsQ9fxiDCFTdFOuM3u7m9HIiR2UenkoTYAPPrmnOl1022m', 27, NULL, NULL, NULL, NULL, NULL, NULL, 1, 0, NULL, NULL, NULL),
(28, '121000182', NULL, 'CWN', 'CINTHYA WIJAYANI', 'default.gif', '$2y$10$aLU1vOTlsQ9fxiDCFTdFOuM3u7m9HIiR2UenkoTYAPPrmnOl1022m', 29, NULL, NULL, NULL, NULL, NULL, NULL, 1, 0, NULL, NULL, NULL),
(29, '121200235', NULL, 'SRM', 'SRI PARYANTI', 'default.gif', '$2y$10$aLU1vOTlsQ9fxiDCFTdFOuM3u7m9HIiR2UenkoTYAPPrmnOl1022m', 27, NULL, NULL, NULL, NULL, NULL, NULL, 1, 0, NULL, NULL, NULL),
(30, '130600142', NULL, 'KSE', 'KINSKI STELLA WATTIMENA', 'default.gif', '$2y$10$aLU1vOTlsQ9fxiDCFTdFOuM3u7m9HIiR2UenkoTYAPPrmnOl1022m', 6, NULL, NULL, NULL, NULL, NULL, NULL, 1, 0, NULL, NULL, NULL),
(31, '130700166', NULL, 'MNE', 'MERRIE NATALIA', 'default.gif', '$2y$10$aLU1vOTlsQ9fxiDCFTdFOuM3u7m9HIiR2UenkoTYAPPrmnOl1022m', 24, NULL, NULL, NULL, NULL, NULL, NULL, 1, 0, NULL, NULL, NULL),
(32, '130900188', NULL, 'RWG', 'RAHADIAN WIDAGDO', 'default.gif', '$2y$10$aLU1vOTlsQ9fxiDCFTdFOuM3u7m9HIiR2UenkoTYAPPrmnOl1022m', 34, NULL, NULL, NULL, NULL, NULL, NULL, 1, 0, NULL, NULL, NULL),
(33, '120500241', NULL, 'RIT', 'RUSLI ANANTA', 'default.gif', '$2y$10$aLU1vOTlsQ9fxiDCFTdFOuM3u7m9HIiR2UenkoTYAPPrmnOl1022m', 8, NULL, NULL, NULL, NULL, NULL, NULL, 1, 0, NULL, NULL, NULL),
(34, '141000222', NULL, 'LAU', 'LANDONG AGUSTINUS MANURUNG', 'default.gif', '$2y$10$aLU1vOTlsQ9fxiDCFTdFOuM3u7m9HIiR2UenkoTYAPPrmnOl1022m', 34, NULL, NULL, NULL, NULL, NULL, NULL, 1, 0, NULL, NULL, NULL),
(35, '141200265', NULL, 'FRW', 'FERDIAND RICKY DHARMAWAN', 'default.gif', '$2y$10$aLU1vOTlsQ9fxiDCFTdFOuM3u7m9HIiR2UenkoTYAPPrmnOl1022m', 10, NULL, NULL, NULL, NULL, NULL, NULL, 1, 0, NULL, NULL, NULL),
(36, '071200054', NULL, 'IMN', 'IRVAN MAULANA', 'default.gif', '$2y$10$aLU1vOTlsQ9fxiDCFTdFOuM3u7m9HIiR2UenkoTYAPPrmnOl1022m', 20, NULL, NULL, NULL, NULL, NULL, NULL, 1, 0, NULL, NULL, NULL),
(37, '100100129', NULL, 'MEW', 'MARIA ELFA WAHYUNI', 'default.gif', '$2y$10$aLU1vOTlsQ9fxiDCFTdFOuM3u7m9HIiR2UenkoTYAPPrmnOl1022m', 25, NULL, NULL, NULL, NULL, NULL, NULL, 1, 0, NULL, NULL, NULL),
(38, '120500242', NULL, 'RKS', 'REVINTA KURNIA SEPTANTI', 'default.gif', '$2y$10$aLU1vOTlsQ9fxiDCFTdFOuM3u7m9HIiR2UenkoTYAPPrmnOl1022m', 27, NULL, NULL, NULL, NULL, NULL, NULL, 1, 0, NULL, NULL, NULL),
(39, '120100243', NULL, 'YWA', 'YULIANA WIJAYA MULYA', 'default.gif', '$2y$10$aLU1vOTlsQ9fxiDCFTdFOuM3u7m9HIiR2UenkoTYAPPrmnOl1022m', 29, NULL, NULL, NULL, NULL, NULL, NULL, 1, 0, NULL, NULL, NULL),
(40, '071100055', NULL, 'YAM', 'YENI ARIES MARTIN', 'default.gif', '$2y$10$aLU1vOTlsQ9fxiDCFTdFOuM3u7m9HIiR2UenkoTYAPPrmnOl1022m', 32, NULL, NULL, NULL, NULL, NULL, NULL, 1, 0, NULL, NULL, NULL),
(41, '151200655', NULL, 'HNV', 'HEIDYANA NOVITA', 'default.gif', '$2y$10$aLU1vOTlsQ9fxiDCFTdFOuM3u7m9HIiR2UenkoTYAPPrmnOl1022m', 25, NULL, NULL, NULL, NULL, NULL, NULL, 1, 0, NULL, NULL, NULL),
(42, '030800074', NULL, 'LWI', 'LILI WIDIAWATI', 'default.gif', '$2y$10$aLU1vOTlsQ9fxiDCFTdFOuM3u7m9HIiR2UenkoTYAPPrmnOl1022m', 24, NULL, NULL, NULL, NULL, NULL, NULL, 1, 0, NULL, NULL, NULL),
(43, '030200075', NULL, 'TLW', 'TRI LESTARI WAHYUNDARI', 'default.gif', '$2y$10$aLU1vOTlsQ9fxiDCFTdFOuM3u7m9HIiR2UenkoTYAPPrmnOl1022m', 0, NULL, NULL, NULL, NULL, NULL, NULL, 1, 0, NULL, NULL, NULL),
(44, '090300072', NULL, 'ASH', 'ALIFAH SHOLHAH', 'default.gif', '$2y$10$aLU1vOTlsQ9fxiDCFTdFOuM3u7m9HIiR2UenkoTYAPPrmnOl1022m', 26, NULL, NULL, NULL, NULL, NULL, NULL, 1, 0, NULL, NULL, NULL),
(45, '160400432', NULL, 'RKC', 'RICARDO KENNY CHANDRA', 'default.gif', '$2y$10$aLU1vOTlsQ9fxiDCFTdFOuM3u7m9HIiR2UenkoTYAPPrmnOl1022m', 25, NULL, NULL, NULL, NULL, NULL, NULL, 1, 0, NULL, NULL, NULL),
(46, '160900860', NULL, 'AVO', 'AUDREY NOVITA A.', 'default.gif', '$2y$10$aLU1vOTlsQ9fxiDCFTdFOuM3u7m9HIiR2UenkoTYAPPrmnOl1022m', 27, NULL, NULL, NULL, NULL, NULL, NULL, 1, 0, NULL, NULL, NULL),
(47, '161000884', NULL, 'AER', 'ALDO HERISKO WIRATAMA MANIK', 'default.gif', '$2y$10$aLU1vOTlsQ9fxiDCFTdFOuM3u7m9HIiR2UenkoTYAPPrmnOl1022m', 24, NULL, NULL, NULL, NULL, NULL, NULL, 1, 0, NULL, NULL, NULL),
(48, '161101012', NULL, 'EBN', 'ERANIKA BR. GINTING', 'default.gif', '$2y$10$aLU1vOTlsQ9fxiDCFTdFOuM3u7m9HIiR2UenkoTYAPPrmnOl1022m', 27, NULL, NULL, NULL, NULL, NULL, NULL, 1, 0, NULL, NULL, NULL),
(49, '161101038', NULL, 'ERC', 'ELFITA ROSA CHANDRA IRIANI BUDIARSIH', 'default.gif', '$2y$10$aLU1vOTlsQ9fxiDCFTdFOuM3u7m9HIiR2UenkoTYAPPrmnOl1022m', 9, NULL, NULL, NULL, NULL, NULL, NULL, 1, 0, NULL, NULL, NULL),
(50, '111100152', NULL, 'DYS', 'DEKAWATY SIREGAR', 'default.gif', '$2y$10$aLU1vOTlsQ9fxiDCFTdFOuM3u7m9HIiR2UenkoTYAPPrmnOl1022m', 28, NULL, NULL, NULL, NULL, NULL, NULL, 1, 0, NULL, NULL, NULL),
(51, '130800473', NULL, 'YNY', 'YENY', 'default.gif', '$2y$10$aLU1vOTlsQ9fxiDCFTdFOuM3u7m9HIiR2UenkoTYAPPrmnOl1022m', 31, NULL, NULL, NULL, NULL, NULL, NULL, 1, 0, NULL, NULL, NULL),
(52, '021000116', NULL, 'IRI', 'IRVAN RIVANI', 'default.gif', '$2y$10$aLU1vOTlsQ9fxiDCFTdFOuM3u7m9HIiR2UenkoTYAPPrmnOl1022m', 24, NULL, NULL, NULL, NULL, NULL, NULL, 1, 0, NULL, NULL, NULL),
(53, '130300500', NULL, 'YRO', 'YOSAFAT RUBBYANTO WIDODO', 'default.gif', '$2y$10$aLU1vOTlsQ9fxiDCFTdFOuM3u7m9HIiR2UenkoTYAPPrmnOl1022m', 7, NULL, NULL, NULL, NULL, NULL, NULL, 1, 0, NULL, NULL, NULL),
(54, '080200111', NULL, 'MTS', 'MODESTA TITIS SADARUM', 'default.gif', '$2y$10$aLU1vOTlsQ9fxiDCFTdFOuM3u7m9HIiR2UenkoTYAPPrmnOl1022m', 20, NULL, NULL, NULL, NULL, NULL, NULL, 1, 0, NULL, NULL, NULL),
(55, '150801163', NULL, 'YHH', 'YESSYCA HARLIANSYAH', 'default.gif', '$2y$10$aLU1vOTlsQ9fxiDCFTdFOuM3u7m9HIiR2UenkoTYAPPrmnOl1022m', 20, NULL, NULL, NULL, NULL, NULL, NULL, 1, 0, NULL, NULL, NULL),
(56, '170501233', NULL, 'DHK', 'DIDIK HARMOKO', 'default.gif', '$2y$10$aLU1vOTlsQ9fxiDCFTdFOuM3u7m9HIiR2UenkoTYAPPrmnOl1022m', 28, NULL, NULL, NULL, NULL, NULL, NULL, 1, 0, NULL, NULL, NULL),
(57, '171103365', NULL, 'LSK', 'LEONARDO SIMANJUNTAK', 'default.gif', '$2y$10$aLU1vOTlsQ9fxiDCFTdFOuM3u7m9HIiR2UenkoTYAPPrmnOl1022m', 22, NULL, NULL, NULL, NULL, NULL, NULL, 1, 0, NULL, NULL, NULL),
(58, '190501476', NULL, 'ATM', 'ALBERT KASMAN', 'default.gif', '$2y$10$aLU1vOTlsQ9fxiDCFTdFOuM3u7m9HIiR2UenkoTYAPPrmnOl1022m', 1, NULL, NULL, NULL, NULL, NULL, NULL, 1, 0, NULL, NULL, NULL),
(59, '210100027', NULL, 'AVD', 'ANDREAS VALENTINO SUDJADI', 'default.gif', '$2y$10$aLU1vOTlsQ9fxiDCFTdFOuM3u7m9HIiR2UenkoTYAPPrmnOl1022m', 22, NULL, NULL, NULL, NULL, NULL, NULL, 1, 0, NULL, NULL, NULL),
(60, '210601333', NULL, 'AEH', 'ARIE YOSHERI', 'default.gif', '$2y$10$aLU1vOTlsQ9fxiDCFTdFOuM3u7m9HIiR2UenkoTYAPPrmnOl1022m', 20, NULL, NULL, NULL, NULL, NULL, NULL, 1, 0, NULL, NULL, NULL),
(61, '210801834', NULL, 'SWJ', 'SETIAWAN HATMAJI', 'default.gif', '$2y$10$aLU1vOTlsQ9fxiDCFTdFOuM3u7m9HIiR2UenkoTYAPPrmnOl1022m', 1, NULL, NULL, NULL, NULL, NULL, NULL, 1, 0, NULL, NULL, NULL),
(62, '210801883', NULL, 'REI', 'RONALD EFFENDI', 'default.gif', '$2y$10$aLU1vOTlsQ9fxiDCFTdFOuM3u7m9HIiR2UenkoTYAPPrmnOl1022m', 1, NULL, NULL, NULL, NULL, NULL, NULL, 1, 0, NULL, NULL, NULL),
(63, '211202546', NULL, 'ERV', 'ERVIN', 'default.gif', '$2y$10$aLU1vOTlsQ9fxiDCFTdFOuM3u7m9HIiR2UenkoTYAPPrmnOl1022m', 31, NULL, NULL, NULL, NULL, NULL, NULL, 1, 0, NULL, NULL, NULL),
(64, '220400788', NULL, 'YFS', 'YUNIA FAUSIA', 'default.gif', '$2y$10$aLU1vOTlsQ9fxiDCFTdFOuM3u7m9HIiR2UenkoTYAPPrmnOl1022m', 31, NULL, NULL, NULL, NULL, NULL, NULL, 1, 0, NULL, NULL, NULL),
(65, '221102085', NULL, 'RGN', 'RUDY GIDEON', 'default.gif', '$2y$10$aLU1vOTlsQ9fxiDCFTdFOuM3u7m9HIiR2UenkoTYAPPrmnOl1022m', 0, NULL, NULL, NULL, NULL, NULL, NULL, 1, 0, NULL, NULL, NULL),
(66, '990600015', NULL, 'STO', 'SIGIT TRAWOCO', 'default.gif', '$2y$10$aLU1vOTlsQ9fxiDCFTdFOuM3u7m9HIiR2UenkoTYAPPrmnOl1022m', 27, NULL, NULL, NULL, NULL, NULL, NULL, 1, 0, NULL, NULL, NULL),
(67, '010100021', NULL, 'MKK', 'MAUREEN KATHARINA KIANINGGAR', 'default.gif', '$2y$10$aLU1vOTlsQ9fxiDCFTdFOuM3u7m9HIiR2UenkoTYAPPrmnOl1022m', 34, NULL, NULL, NULL, NULL, NULL, NULL, 1, 0, NULL, NULL, NULL),
(68, '100100001', NULL, 'ISD', 'IRWAN SETIYADI', 'default.gif', '$2y$10$aLU1vOTlsQ9fxiDCFTdFOuM3u7m9HIiR2UenkoTYAPPrmnOl1022m', 22, NULL, NULL, NULL, NULL, NULL, NULL, 1, 0, NULL, NULL, NULL),
(69, '021000063', NULL, 'FTH', 'FERIYANTO TRISNAHADI', 'default.gif', '$2y$10$aLU1vOTlsQ9fxiDCFTdFOuM3u7m9HIiR2UenkoTYAPPrmnOl1022m', 24, NULL, NULL, NULL, NULL, NULL, NULL, 1, 0, NULL, NULL, NULL),
(70, '170200155', NULL, 'SKW', 'SEIMTIARTI WIJAYA K. DEWI', 'default.gif', '$2y$10$aLU1vOTlsQ9fxiDCFTdFOuM3u7m9HIiR2UenkoTYAPPrmnOl1022m', 27, NULL, NULL, NULL, NULL, NULL, NULL, 1, 0, NULL, NULL, NULL),
(2020, '2020', NULL, 'TMF', 'THOMAS FREDERICK', 'default.gif', '$2y$10$6Jo2aMqhtnnfIbl6jNavte76eh32LlZUK0KzxH4a3R/UiJ9YsIYSm', 20, NULL, NULL, NULL, NULL, NULL, NULL, 1, 0, '2023-04-22 19:29:22', '2023-04-22 19:29:22', NULL),
(2021, '2021', NULL, 'DYN', 'DEYANA', 'default.gif', '$2y$10$6Jo2aMqhtnnfIbl6jNavte76eh32LlZUK0KzxH4a3R/UiJ9YsIYSm', 20, NULL, NULL, NULL, NULL, NULL, NULL, 1, 0, '2023-04-23 19:02:40', '2023-04-23 19:02:40', NULL),
(2022, '56572111', NULL, 'KNL', 'KIMAN SALIM', 'default.gif', '$2y$10$aLU1vOTlsQ9fxiDCFTdFOuM3u7m9HIiR2UenkoTYAPPrmnOl1022m', 35, NULL, NULL, NULL, NULL, NULL, NULL, 1, 0, '2023-05-08 09:57:23', '2023-05-08 09:57:23', NULL);

--
-- Indexes for dumped tables
--

--
-- Indeks untuk tabel `auth_activation_attempts`
--
ALTER TABLE `auth_activation_attempts`
  ADD PRIMARY KEY (`id`);

--
-- Indeks untuk tabel `auth_groups`
--
ALTER TABLE `auth_groups`
  ADD PRIMARY KEY (`id`);

--
-- Indeks untuk tabel `auth_groups_permissions`
--
ALTER TABLE `auth_groups_permissions`
  ADD KEY `auth_groups_permissions_permission_id_foreign` (`permission_id`),
  ADD KEY `group_id_permission_id` (`group_id`,`permission_id`);

--
-- Indeks untuk tabel `auth_groups_users`
--
ALTER TABLE `auth_groups_users`
  ADD KEY `auth_groups_users_user_id_foreign` (`user_id`),
  ADD KEY `group_id_user_id` (`group_id`,`user_id`);

--
-- Indeks untuk tabel `auth_logins`
--
ALTER TABLE `auth_logins`
  ADD PRIMARY KEY (`id`),
  ADD KEY `email` (`email`),
  ADD KEY `user_id` (`user_id`);

--
-- Indeks untuk tabel `auth_permissions`
--
ALTER TABLE `auth_permissions`
  ADD PRIMARY KEY (`id`);

--
-- Indeks untuk tabel `auth_reset_attempts`
--
ALTER TABLE `auth_reset_attempts`
  ADD PRIMARY KEY (`id`);

--
-- Indeks untuk tabel `auth_tokens`
--
ALTER TABLE `auth_tokens`
  ADD PRIMARY KEY (`id`),
  ADD KEY `auth_tokens_user_id_foreign` (`user_id`),
  ADD KEY `selector` (`selector`);

--
-- Indeks untuk tabel `auth_users_permissions`
--
ALTER TABLE `auth_users_permissions`
  ADD KEY `auth_users_permissions_permission_id_foreign` (`permission_id`),
  ADD KEY `user_id_permission_id` (`user_id`,`permission_id`);

--
-- Indeks untuk tabel `distribusi`
--
ALTER TABLE `distribusi`
  ADD PRIMARY KEY (`id`);

--
-- Indeks untuk tabel `foto_qcp`
--
ALTER TABLE `foto_qcp`
  ADD PRIMARY KEY (`id`),
  ADD KEY `id_kategori` (`id_kategori`),
  ADD KEY `id_qcp` (`id_qcp`);

--
-- Indeks untuk tabel `kategori`
--
ALTER TABLE `kategori`
  ADD PRIMARY KEY (`id`);

--
-- Indeks untuk tabel `mesin`
--
ALTER TABLE `mesin`
  ADD PRIMARY KEY (`id`);

--
-- Indeks untuk tabel `migrations`
--
ALTER TABLE `migrations`
  ADD PRIMARY KEY (`id`);

--
-- Indeks untuk tabel `qcp`
--
ALTER TABLE `qcp`
  ADD PRIMARY KEY (`id`),
  ADD KEY `id_kategori` (`id_kategori`);

--
-- Indeks untuk tabel `users`
--
ALTER TABLE `users`
  ADD PRIMARY KEY (`id`),
  ADD KEY `distribusi` (`distribusi`);

--
-- AUTO_INCREMENT untuk tabel yang dibuang
--

--
-- AUTO_INCREMENT untuk tabel `auth_activation_attempts`
--
ALTER TABLE `auth_activation_attempts`
  MODIFY `id` int(11) UNSIGNED NOT NULL AUTO_INCREMENT;

--
-- AUTO_INCREMENT untuk tabel `auth_groups`
--
ALTER TABLE `auth_groups`
  MODIFY `id` int(11) UNSIGNED NOT NULL AUTO_INCREMENT, AUTO_INCREMENT=8;

--
-- AUTO_INCREMENT untuk tabel `auth_logins`
--
ALTER TABLE `auth_logins`
  MODIFY `id` int(11) UNSIGNED NOT NULL AUTO_INCREMENT, AUTO_INCREMENT=759;

--
-- AUTO_INCREMENT untuk tabel `auth_permissions`
--
ALTER TABLE `auth_permissions`
  MODIFY `id` int(11) UNSIGNED NOT NULL AUTO_INCREMENT, AUTO_INCREMENT=4;

--
-- AUTO_INCREMENT untuk tabel `auth_reset_attempts`
--
ALTER TABLE `auth_reset_attempts`
  MODIFY `id` int(11) UNSIGNED NOT NULL AUTO_INCREMENT, AUTO_INCREMENT=2;

--
-- AUTO_INCREMENT untuk tabel `auth_tokens`
--
ALTER TABLE `auth_tokens`
  MODIFY `id` int(11) UNSIGNED NOT NULL AUTO_INCREMENT;

--
-- AUTO_INCREMENT untuk tabel `distribusi`
--
ALTER TABLE `distribusi`
  MODIFY `id` int(11) NOT NULL AUTO_INCREMENT, AUTO_INCREMENT=36;

--
-- AUTO_INCREMENT untuk tabel `foto_qcp`
--
ALTER TABLE `foto_qcp`
  MODIFY `id` int(11) NOT NULL AUTO_INCREMENT, AUTO_INCREMENT=8;

--
-- AUTO_INCREMENT untuk tabel `kategori`
--
ALTER TABLE `kategori`
  MODIFY `id` int(11) NOT NULL AUTO_INCREMENT, AUTO_INCREMENT=5;

--
-- AUTO_INCREMENT untuk tabel `mesin`
--
ALTER TABLE `mesin`
  MODIFY `id` int(11) NOT NULL AUTO_INCREMENT, AUTO_INCREMENT=228;

--
-- AUTO_INCREMENT untuk tabel `migrations`
--
ALTER TABLE `migrations`
  MODIFY `id` bigint(20) UNSIGNED NOT NULL AUTO_INCREMENT, AUTO_INCREMENT=2;

--
-- AUTO_INCREMENT untuk tabel `qcp`
--
ALTER TABLE `qcp`
  MODIFY `id` int(11) NOT NULL AUTO_INCREMENT, AUTO_INCREMENT=67;

--
-- AUTO_INCREMENT untuk tabel `users`
--
ALTER TABLE `users`
  MODIFY `id` int(11) UNSIGNED NOT NULL AUTO_INCREMENT, AUTO_INCREMENT=2023;

--
-- Ketidakleluasaan untuk tabel pelimpahan (Dumped Tables)
--

--
-- Ketidakleluasaan untuk tabel `auth_groups_permissions`
--
ALTER TABLE `auth_groups_permissions`
  ADD CONSTRAINT `auth_groups_permissions_group_id_foreign` FOREIGN KEY (`group_id`) REFERENCES `auth_groups` (`id`) ON DELETE CASCADE,
  ADD CONSTRAINT `auth_groups_permissions_permission_id_foreign` FOREIGN KEY (`permission_id`) REFERENCES `auth_permissions` (`id`) ON DELETE CASCADE;

--
-- Ketidakleluasaan untuk tabel `auth_groups_users`
--
ALTER TABLE `auth_groups_users`
  ADD CONSTRAINT `auth_groups_users_group_id_foreign` FOREIGN KEY (`group_id`) REFERENCES `auth_groups` (`id`) ON DELETE CASCADE,
  ADD CONSTRAINT `auth_groups_users_user_id_foreign` FOREIGN KEY (`user_id`) REFERENCES `users` (`id`) ON DELETE CASCADE;

--
-- Ketidakleluasaan untuk tabel `auth_tokens`
--
ALTER TABLE `auth_tokens`
  ADD CONSTRAINT `auth_tokens_user_id_foreign` FOREIGN KEY (`user_id`) REFERENCES `users` (`id`) ON DELETE CASCADE;

--
-- Ketidakleluasaan untuk tabel `auth_users_permissions`
--
ALTER TABLE `auth_users_permissions`
  ADD CONSTRAINT `auth_users_permissions_permission_id_foreign` FOREIGN KEY (`permission_id`) REFERENCES `auth_permissions` (`id`) ON DELETE CASCADE,
  ADD CONSTRAINT `auth_users_permissions_user_id_foreign` FOREIGN KEY (`user_id`) REFERENCES `users` (`id`) ON DELETE CASCADE;
COMMIT;

/*!40101 SET CHARACTER_SET_CLIENT=@OLD_CHARACTER_SET_CLIENT */;
/*!40101 SET CHARACTER_SET_RESULTS=@OLD_CHARACTER_SET_RESULTS */;
/*!40101 SET COLLATION_CONNECTION=@OLD_COLLATION_CONNECTION */;
